dt_6h,open,high,low,close,median,price_change
2017-01-01 00:00:00-05:00,963.02,964.99,962.8,964.96,964.0,up
2017-01-01 06:00:00-05:00,964.96,975.8,964.96,974.09,972.8,up
2017-01-01 12:00:00-05:00,974.1,998.0,973.2,997.03,989.36,up
2017-01-01 18:00:00-05:00,996.01,1005.0,994.39,998.46,999.96,up
2017-01-02 00:00:00-05:00,998.46,1005.95,998.44,1005.59,1004.41,up
2017-01-02 06:00:00-05:00,1005.65,1025.0,998.72,1015.4,1018.0,up
2017-01-02 12:00:00-05:00,1015.41,1032.0,1009.12,1009.88,1021.92,down
2017-01-02 18:00:00-05:00,1009.88,1024.99,990.01,1024.94,1011.69,up
2017-01-03 00:00:00-05:00,1024.54,1029.92,999.99,1014.31,1014.75,down
2017-01-03 06:00:00-05:00,1014.07,1026.5,1012.06,1019.98,1019.97,up
2017-01-03 12:00:00-05:00,1019.98,1024.6,1015.23,1016.73,1018.77,down
2017-01-03 18:00:00-05:00,1016.73,1039.0,1016.19,1034.47,1032.04,up
2017-01-04 00:00:00-05:00,1034.42,1057.0,1033.5,1056.98,1045.0,up
2017-01-04 06:00:00-05:00,1055.97,1098.76,1052.62,1098.0,1081.47,up
2017-01-04 12:00:00-05:00,1094.99,1139.89,1059.73,1115.45,1098.0,up
2017-01-04 18:00:00-05:00,1115.45,1130.82,1078.0,1107.89,1102.03,down
2017-01-05 00:00:00-05:00,1107.93,1124.0,1097.63,1109.84,1117.78,up
2017-01-05 06:00:00-05:00,1109.01,1136.72,885.41,950.01,1039.5949999999998,down
2017-01-05 12:00:00-05:00,952.32,996.0,933.19,961.65,962.98,up
2017-01-05 18:00:00-05:00,958.65,1026.99,951.8,1017.52,995.0,up
2017-01-06 00:00:00-05:00,1017.52,1019.01,953.11,980.49,980.0,down
2017-01-06 06:00:00-05:00,981.53,985.53,871.0,899.28,900.42,down
2017-01-06 12:00:00-05:00,901.0,919.99,878.0,890.85,905.0,down
2017-01-06 18:00:00-05:00,890.81,905.73,856.42,865.03,888.33,down
2017-01-07 00:00:00-05:00,864.61,866.53,820.0,825.63,834.65,down
2017-01-07 06:00:00-05:00,828.17,897.8,812.28,874.24,870.13,up
2017-01-07 12:00:00-05:00,874.24,906.0,869.1,884.28,894.2,up
2017-01-07 18:00:00-05:00,886.66,907.05,879.98,898.94,895.76,up
2017-01-08 00:00:00-05:00,898.86,941.81,898.86,929.37,931.21,up
2017-01-08 06:00:00-05:00,929.35,934.98,898.0,913.49,926.85,down
2017-01-08 12:00:00-05:00,915.15,921.09,881.3,900.48,901.0,down
2017-01-08 18:00:00-05:00,900.29,914.3,875.0,881.26,900.11,down
2017-01-09 00:00:00-05:00,886.01,899.56,879.21,884.91,889.98,down
2017-01-09 06:00:00-05:00,885.0,910.58,879.94,902.45,902.0,up
2017-01-09 12:00:00-05:00,902.45,904.0,883.98,894.14,890.6700000000001,down
2017-01-09 18:00:00-05:00,894.03,909.99,885.24,906.34,894.655,up
2017-01-10 00:00:00-05:00,906.24,907.5,889.41,898.03,896.49,down
2017-01-10 06:00:00-05:00,900.0,912.47,895.93,901.33,904.935,up
2017-01-10 12:00:00-05:00,901.9,905.0,898.25,904.29,902.17,up
2017-01-10 18:00:00-05:00,904.2,909.33,899.18,909.33,906.99,up
2017-01-11 00:00:00-05:00,909.38,918.4,906.13,911.43,910.35,up
2017-01-11 06:00:00-05:00,910.71,911.5,790.0,808.12,839.94,down
2017-01-11 12:00:00-05:00,809.11,825.99,755.0,802.06,803.86,down
2017-01-11 18:00:00-05:00,803.86,803.86,755.0,763.99,781.0,down
2017-01-12 00:00:00-05:00,763.1,777.9,751.34,758.07,765.55,down
2017-01-12 06:00:00-05:00,758.07,782.0,753.5,778.86,764.06,up
2017-01-12 12:00:00-05:00,779.94,822.0,777.44,819.49,802.3,up
2017-01-12 18:00:00-05:00,818.56,832.99,800.0,809.18,816.08,down
2017-01-13 00:00:00-05:00,809.34,811.97,775.0,776.06,785.09,down
2017-01-13 06:00:00-05:00,776.08,806.91,776.0,806.91,796.52,up
2017-01-13 12:00:00-05:00,805.87,831.4,802.71,821.37,821.49,up
2017-01-13 18:00:00-05:00,819.26,837.76,818.08,837.55,828.39,up
2017-01-14 00:00:00-05:00,837.14,837.14,817.0,821.49,823.98,down
2017-01-14 06:00:00-05:00,821.22,837.01,820.0,823.5,830.12,up
2017-01-14 12:00:00-05:00,824.48,832.01,824.48,825.29,830.0,up
2017-01-14 18:00:00-05:00,825.93,830.11,810.0,819.64,819.77,down
2017-01-15 00:00:00-05:00,819.66,822.97,810.55,815.0,817.04,down
2017-01-15 06:00:00-05:00,815.0,823.45,812.18,820.78,819.185,up
2017-01-15 12:00:00-05:00,820.78,821.47,808.0,811.89,813.89,down
2017-01-15 18:00:00-05:00,811.89,830.04,811.04,830.04,820.16,up
2017-01-16 00:00:00-05:00,830.04,835.0,826.46,829.0,829.08,down
2017-01-16 06:00:00-05:00,829.0,829.94,819.0,828.05,827.21,down
2017-01-16 12:00:00-05:00,828.3,833.68,827.0,831.69,829.225,up
2017-01-16 18:00:00-05:00,831.69,834.11,827.0,829.36,830.46,down
2017-01-17 00:00:00-05:00,829.62,887.0,828.1,879.0,856.5,up
2017-01-17 06:00:00-05:00,879.0,896.23,868.56,881.04,883.15,up
2017-01-17 12:00:00-05:00,881.04,908.5,877.96,905.0,895.52,up
2017-01-17 18:00:00-05:00,905.0,915.99,891.01,892.9,904.98,down
2017-01-18 00:00:00-05:00,893.16,900.73,887.63,893.68,894.91,up
2017-01-18 06:00:00-05:00,892.86,900.74,856.0,862.99,888.06,down
2017-01-18 12:00:00-05:00,864.48,881.67,851.74,868.13,869.18,up
2017-01-18 18:00:00-05:00,868.13,896.0,864.01,885.75,889.0,up
2017-01-19 00:00:00-05:00,886.0,889.39,878.89,885.11,885.08,down
2017-01-19 06:00:00-05:00,886.49,899.0,883.0,891.19,891.7,up
2017-01-19 12:00:00-05:00,891.72,906.98,890.0,902.48,896.86,up
2017-01-19 18:00:00-05:00,902.21,910.0,893.13,898.61,902.0,down
2017-01-20 00:00:00-05:00,898.61,900.43,890.0,897.06,892.53,down
2017-01-20 06:00:00-05:00,897.1,897.1,880.0,895.66,890.03,down
2017-01-20 12:00:00-05:00,895.66,899.9,892.81,899.35,897.02,up
2017-01-20 18:00:00-05:00,899.35,900.99,895.0,895.83,897.26,down
2017-01-21 00:00:00-05:00,896.17,925.0,896.16,917.5,914.88,up
2017-01-21 06:00:00-05:00,917.1,928.0,912.5,923.79,920.74,up
2017-01-21 12:00:00-05:00,923.32,925.0,915.03,919.73,920.01,down
2017-01-21 18:00:00-05:00,920.73,930.0,919.8,928.0,925.0,up
2017-01-22 00:00:00-05:00,929.27,937.74,927.0,936.11,933.67,up
2017-01-22 06:00:00-05:00,935.99,936.0,900.0,902.85,912.99,down
2017-01-22 12:00:00-05:00,902.8,918.91,886.76,912.7,909.48,up
2017-01-22 18:00:00-05:00,912.7,924.13,912.65,914.62,918.96,up
2017-01-23 00:00:00-05:00,913.24,923.99,913.24,920.79,919.25,up
2017-01-23 06:00:00-05:00,920.79,923.0,917.16,920.0,921.0,down
2017-01-23 12:00:00-05:00,920.0,927.57,914.52,916.94,920.45,down
2017-01-23 18:00:00-05:00,916.94,923.19,892.04,900.3,904.95,down
2017-01-24 00:00:00-05:00,900.3,923.0,900.3,918.78,916.0,up
2017-01-24 06:00:00-05:00,917.33,919.98,896.18,901.39,906.07,down
2017-01-24 12:00:00-05:00,901.39,909.48,900.37,904.27,906.48,up
2017-01-24 18:00:00-05:00,904.19,904.19,881.48,898.78,894.185,down
2017-01-25 00:00:00-05:00,899.09,904.01,888.37,894.5,898.68,down
2017-01-25 06:00:00-05:00,894.49,899.71,885.01,885.8,894.61,down
2017-01-25 12:00:00-05:00,885.8,895.0,885.8,893.16,891.99,up
2017-01-25 18:00:00-05:00,893.89,900.54,892.51,900.0,893.86,up
2017-01-26 00:00:00-05:00,899.97,900.96,892.86,895.05,898.55,down
2017-01-26 06:00:00-05:00,895.99,912.77,895.99,910.26,902.17,up
2017-01-26 12:00:00-05:00,910.26,919.49,908.79,913.97,915.0,up
2017-01-26 18:00:00-05:00,913.98,918.86,912.01,918.55,915.0,up
2017-01-27 00:00:00-05:00,918.55,919.6,908.01,919.24,916.05,up
2017-01-27 06:00:00-05:00,919.23,919.74,914.11,917.15,917.0,down
2017-01-27 12:00:00-05:00,917.15,924.88,916.91,918.92,920.95,up
2017-01-27 18:00:00-05:00,918.33,920.99,915.95,920.95,919.11,up
2017-01-28 00:00:00-05:00,920.9,920.99,916.14,918.17,919.85,down
2017-01-28 06:00:00-05:00,918.17,920.0,913.08,917.93,918.48,down
2017-01-28 12:00:00-05:00,918.77,919.0,913.13,917.97,916.67,down
2017-01-28 18:00:00-05:00,917.88,919.0,916.6,919.0,918.0,up
2017-01-29 00:00:00-05:00,919.0,919.99,916.8,919.0,918.86,up
2017-01-29 06:00:00-05:00,919.89,919.96,915.0,915.0,917.64,down
2017-01-29 12:00:00-05:00,915.98,917.34,912.3,913.58,914.25,down
2017-01-29 18:00:00-05:00,913.37,915.0,910.0,913.91,912.35,up
2017-01-30 00:00:00-05:00,914.41,917.69,913.17,914.15,915.03,down
2017-01-30 06:00:00-05:00,914.15,917.9,912.9,917.9,915.83,up
2017-01-30 12:00:00-05:00,917.9,921.99,917.02,921.05,920.0,up
2017-01-30 18:00:00-05:00,921.03,923.0,918.25,921.24,921.01,up
2017-01-31 00:00:00-05:00,921.37,936.0,917.5,934.15,921.81,up
2017-01-31 06:00:00-05:00,934.35,959.97,932.2,953.14,947.04,up
2017-01-31 12:00:00-05:00,951.63,962.97,947.98,954.26,954.45,up
2017-01-31 18:00:00-05:00,954.22,976.31,950.0,975.64,965.085,up
2017-02-01 00:00:00-05:00,975.03,975.3,962.56,972.57,969.99,down
2017-02-01 06:00:00-05:00,972.94,977.52,962.0,967.52,967.11,down
2017-02-01 12:00:00-05:00,967.68,976.35,962.04,976.29,969.89,up
2017-02-01 18:00:00-05:00,976.28,989.0,973.46,988.19,983.42,up
2017-02-02 00:00:00-05:00,988.0,990.0,973.12,987.53,981.46,down
2017-02-02 06:00:00-05:00,987.61,995.62,986.0,990.03,990.8,up
2017-02-02 12:00:00-05:00,991.94,1004.99,990.15,1000.99,1000.0,up
2017-02-02 18:00:00-05:00,1000.01,1015.89,998.22,1015.01,1007.91,up
2017-02-03 00:00:00-05:00,1015.86,1022.64,987.01,1015.99,1013.03,up
2017-02-03 06:00:00-05:00,1015.88,1020.0,988.88,1008.99,1006.91,down
2017-02-03 12:00:00-05:00,1008.99,1017.62,1008.0,1010.55,1012.99,up
2017-02-03 18:00:00-05:00,1009.78,1020.0,1008.0,1018.92,1014.65,up
2017-02-04 00:00:00-05:00,1019.76,1019.76,1005.0,1014.5,1010.98,down
2017-02-04 06:00:00-05:00,1014.5,1015.19,1004.0,1013.0,1009.57,down
2017-02-04 12:00:00-05:00,1013.0,1044.23,1009.75,1035.01,1030.57,up
2017-02-04 18:00:00-05:00,1035.85,1036.0,1024.02,1029.76,1030.0,down
2017-02-05 00:00:00-05:00,1029.29,1032.24,1025.0,1028.01,1028.08,down
2017-02-05 06:00:00-05:00,1028.01,1030.0,1004.7,1015.21,1018.07,down
2017-02-05 12:00:00-05:00,1015.22,1018.52,1005.0,1009.38,1010.38,down
2017-02-05 18:00:00-05:00,1010.0,1018.37,1005.23,1018.37,1011.82,up
2017-02-06 00:00:00-05:00,1018.25,1023.0,1013.36,1019.55,1017.32,up
2017-02-06 06:00:00-05:00,1020.88,1031.94,1005.1,1018.84,1023.03,down
2017-02-06 12:00:00-05:00,1018.78,1024.84,1017.0,1021.99,1020.82,up
2017-02-06 18:00:00-05:00,1021.39,1027.78,1021.26,1027.54,1023.58,up
2017-02-07 00:00:00-05:00,1027.55,1047.32,1025.01,1045.99,1035.01,up
2017-02-07 06:00:00-05:00,1046.65,1056.25,1040.74,1054.99,1045.94,up
2017-02-07 12:00:00-05:00,1053.45,1054.41,1045.01,1047.06,1048.2,down
2017-02-07 18:00:00-05:00,1047.06,1064.63,1045.96,1060.84,1053.44,up
2017-02-08 00:00:00-05:00,1060.99,1070.0,1059.14,1061.0,1066.21,up
2017-02-08 06:00:00-05:00,1060.99,1060.99,1025.0,1042.8,1034.83,down
2017-02-08 12:00:00-05:00,1042.74,1059.99,1042.02,1059.65,1056.0149999999999,up
2017-02-08 18:00:00-05:00,1059.99,1065.5,1050.0,1059.41,1057.52,down
2017-02-09 00:00:00-05:00,1059.42,1074.69,1046.84,1059.0,1068.91,down
2017-02-09 06:00:00-05:00,1058.5,1067.2,950.0,983.01,1007.0,down
2017-02-09 12:00:00-05:00,983.01,997.13,913.73,959.0,970.0,down
2017-02-09 18:00:00-05:00,958.99,992.0,953.29,970.45,976.48,up
2017-02-10 00:00:00-05:00,970.01,989.0,956.0,973.99,970.37,up
2017-02-10 06:00:00-05:00,973.99,979.0,950.0,967.0,967.0,down
2017-02-10 12:00:00-05:00,966.1,988.56,963.9,987.37,977.2,up
2017-02-10 18:00:00-05:00,987.37,1010.68,987.37,994.06,997.36,up
2017-02-11 00:00:00-05:00,994.06,1009.0,990.56,1006.64,1002.39,up
2017-02-11 06:00:00-05:00,1007.54,1020.0,1002.0,1010.52,1010.14,up
2017-02-11 12:00:00-05:00,1009.68,1017.98,1005.1,1012.78,1009.58,up
2017-02-11 18:00:00-05:00,1012.78,1019.0,1007.03,1009.64,1012.91,down
2017-02-12 00:00:00-05:00,1009.64,1010.6,997.04,1003.74,1003.04,down
2017-02-12 06:00:00-05:00,1003.74,1010.99,1000.0,1002.81,1005.24,down
2017-02-12 12:00:00-05:00,1002.8,1004.6,991.98,998.02,1000.24,down
2017-02-12 18:00:00-05:00,998.01,1002.99,993.65,1002.97,1000.01,up
2017-02-13 00:00:00-05:00,1002.99,1007.89,1002.98,1005.72,1005.09,up
2017-02-13 06:00:00-05:00,1005.72,1005.95,975.1,995.05,992.615,down
2017-02-13 12:00:00-05:00,995.4,1001.6,992.07,995.9,996.395,up
2017-02-13 18:00:00-05:00,996.01,1001.6,994.67,995.59,998.74,down
2017-02-14 00:00:00-05:00,995.97,1004.0,987.97,1003.75,996.85,up
2017-02-14 06:00:00-05:00,1003.75,1019.0,990.0,1008.61,1010.495,up
2017-02-14 12:00:00-05:00,1008.61,1011.98,1004.58,1007.19,1009.04,down
2017-02-14 18:00:00-05:00,1007.22,1012.0,1004.66,1009.0,1009.86,up
2017-02-15 00:00:00-05:00,1009.15,1011.0,1000.97,1006.29,1007.19,down
2017-02-15 06:00:00-05:00,1005.05,1012.54,1004.17,1012.03,1007.61,up
2017-02-15 12:00:00-05:00,1010.59,1012.03,1007.2,1009.99,1009.61,down
2017-02-15 18:00:00-05:00,1009.99,1014.58,1009.56,1013.04,1012.21,up
2017-02-16 00:00:00-05:00,1013.91,1030.0,1013.05,1020.11,1022.0,up
2017-02-16 06:00:00-05:00,1020.66,1029.99,1018.88,1024.0,1023.3,up
2017-02-16 12:00:00-05:00,1024.0,1043.21,1023.03,1036.83,1035.375,up
2017-02-16 18:00:00-05:00,1036.83,1039.99,1026.81,1039.5,1034.5,up
2017-02-17 00:00:00-05:00,1037.81,1041.55,1031.98,1039.6,1036.45,up
2017-02-17 06:00:00-05:00,1040.94,1055.0,1033.0,1053.0,1042.34,up
2017-02-17 12:00:00-05:00,1053.0,1064.99,1051.51,1056.46,1057.91,up
2017-02-17 18:00:00-05:00,1057.18,1062.74,1052.0,1057.11,1058.24,down
2017-02-18 00:00:00-05:00,1057.14,1068.97,1055.72,1065.02,1064.48,up
2017-02-18 06:00:00-05:00,1065.41,1068.99,1060.4,1060.4,1062.7,down
2017-02-18 12:00:00-05:00,1060.13,1067.0,1049.94,1059.0,1059.84,down
2017-02-18 18:00:00-05:00,1059.0,1063.62,1046.14,1053.56,1054.85,down
2017-02-19 00:00:00-05:00,1051.97,1061.7,1048.02,1059.89,1054.87,up
2017-02-19 06:00:00-05:00,1059.11,1061.9,1039.07,1050.19,1050.19,down
2017-02-19 12:00:00-05:00,1050.2,1055.0,1045.2,1049.15,1050.855,down
2017-02-19 18:00:00-05:00,1047.62,1055.41,1046.74,1052.68,1050.83,up
2017-02-20 00:00:00-05:00,1051.0,1058.15,1044.39,1058.15,1048.77,up
2017-02-20 06:00:00-05:00,1057.0,1064.67,1053.09,1060.69,1059.11,up
2017-02-20 12:00:00-05:00,1060.69,1064.26,1056.66,1062.36,1061.685,up
2017-02-20 18:00:00-05:00,1062.36,1089.99,1058.51,1079.7,1078.57,up
2017-02-21 00:00:00-05:00,1080.0,1096.55,1077.0,1084.78,1086.27,up
2017-02-21 06:00:00-05:00,1083.31,1117.0,1083.31,1111.66,1111.94,up
2017-02-21 12:00:00-05:00,1112.24,1119.0,1096.01,1115.05,1108.01,up
2017-02-21 18:00:00-05:00,1115.21,1127.0,1110.48,1115.61,1121.01,up
2017-02-22 00:00:00-05:00,1115.0,1120.0,1103.0,1110.7,1111.82,down
2017-02-22 06:00:00-05:00,1110.7,1129.86,1098.16,1127.0,1121.1599999999999,up
2017-02-22 12:00:00-05:00,1127.99,1142.2,1121.63,1139.79,1132.55,up
2017-02-22 18:00:00-05:00,1137.79,1143.0,1127.0,1132.41,1133.28,down
2017-02-23 00:00:00-05:00,1133.08,1134.0,1120.73,1133.15,1129.87,up
2017-02-23 06:00:00-05:00,1131.51,1160.0,1130.16,1151.3,1146.01,up
2017-02-23 12:00:00-05:00,1151.42,1168.0,1148.0,1161.86,1158.5,up
2017-02-23 18:00:00-05:00,1161.86,1193.92,1157.5,1182.22,1179.37,up
2017-02-24 00:00:00-05:00,1182.51,1220.0,1091.1,1169.35,1166.41,down
2017-02-24 06:00:00-05:00,1169.35,1194.63,1140.67,1194.63,1172.07,up
2017-02-24 12:00:00-05:00,1192.08,1206.73,1180.0,1183.2,1195.0,down
2017-02-24 18:00:00-05:00,1183.1,1184.76,1165.0,1181.22,1178.85,down
2017-02-25 00:00:00-05:00,1182.12,1182.12,1170.73,1180.48,1179.22,down
2017-02-25 06:00:00-05:00,1180.39,1184.73,1163.84,1167.4,1178.7849999999999,down
2017-02-25 12:00:00-05:00,1167.4,1176.39,1127.0,1150.0,1150.0,down
2017-02-25 18:00:00-05:00,1150.0,1160.98,1133.0,1142.55,1149.99,down
2017-02-26 00:00:00-05:00,1142.47,1170.0,1135.0,1170.0,1151.26,up
2017-02-26 06:00:00-05:00,1166.9,1177.99,1162.46,1168.62,1169.25,up
2017-02-26 12:00:00-05:00,1168.36,1184.97,1165.49,1176.3,1176.3,up
2017-02-26 18:00:00-05:00,1174.51,1191.63,1167.04,1191.0,1180.0,up
2017-02-27 00:00:00-05:00,1191.63,1193.32,1169.0,1185.44,1183.5349999999999,down
2017-02-27 06:00:00-05:00,1184.95,1188.5,1171.0,1181.07,1182.24,down
2017-02-27 12:00:00-05:00,1181.05,1197.99,1177.61,1190.33,1192.0,up
2017-02-27 18:00:00-05:00,1190.85,1200.0,1185.59,1199.9,1194.98,up
2017-02-28 00:00:00-05:00,1199.9,1209.99,1176.27,1191.26,1195.42,down
2017-02-28 06:00:00-05:00,1191.26,1196.99,1179.01,1184.15,1186.81,down
2017-02-28 12:00:00-05:00,1185.5,1200.0,1179.0,1199.0,1190.82,up
2017-02-28 18:00:00-05:00,1198.62,1199.5,1189.0,1193.23,1192.67,down
2017-03-01 00:00:00-05:00,1194.12,1196.28,1188.3,1190.0,1192.02,down
2017-03-01 06:00:00-05:00,1190.0,1222.0,1190.0,1221.01,1206.0,up
2017-03-01 12:00:00-05:00,1221.01,1231.0,1213.39,1221.12,1220.16,up
2017-03-01 18:00:00-05:00,1221.2,1229.23,1216.32,1223.15,1224.59,up
2017-03-02 00:00:00-05:00,1223.8,1227.99,1215.0,1224.0,1223.0,up
2017-03-02 06:00:00-05:00,1226.49,1239.9,1224.1,1237.0,1233.0,up
2017-03-02 12:00:00-05:00,1238.4,1283.25,1231.95,1267.37,1259.82,up
2017-03-02 18:00:00-05:00,1268.72,1269.0,1239.38,1265.5,1260.0,down
2017-03-03 00:00:00-05:00,1265.83,1271.0,1255.0,1266.51,1264.09,up
2017-03-03 06:00:00-05:00,1267.5,1298.0,1260.0,1270.2,1282.51,up
2017-03-03 12:00:00-05:00,1270.2,1280.0,1257.0,1266.06,1269.42,down
2017-03-03 18:00:00-05:00,1266.06,1289.55,1264.73,1278.22,1282.96,up
2017-03-04 00:00:00-05:00,1280.95,1284.74,1273.0,1276.43,1279.32,down
2017-03-04 06:00:00-05:00,1276.43,1279.5,1255.67,1270.35,1270.33,down
2017-03-04 12:00:00-05:00,1271.82,1275.07,1230.0,1258.99,1250.0,down
2017-03-04 18:00:00-05:00,1259.98,1262.34,1252.0,1260.24,1260.96,up
2017-03-05 00:00:00-05:00,1260.22,1262.34,1240.0,1242.53,1252.52,down
2017-03-05 06:00:00-05:00,1242.39,1260.1,1242.39,1260.1,1247.88,up
2017-03-05 12:00:00-05:00,1260.1,1275.0,1257.1,1265.19,1266.66,up
2017-03-05 18:00:00-05:00,1265.19,1273.0,1261.05,1270.86,1269.14,up
2017-03-06 00:00:00-05:00,1270.72,1273.97,1251.0,1273.0,1264.86,up
2017-03-06 06:00:00-05:00,1273.06,1285.0,1270.04,1279.9,1280.2,up
2017-03-06 12:00:00-05:00,1276.54,1281.62,1272.02,1277.75,1278.5,up
2017-03-06 18:00:00-05:00,1277.71,1281.0,1272.0,1277.98,1277.99,up
2017-03-07 00:00:00-05:00,1278.39,1281.62,1260.62,1275.1,1270.145,down
2017-03-07 06:00:00-05:00,1274.74,1276.0,1175.97,1238.98,1226.33,down
2017-03-07 12:00:00-05:00,1238.14,1268.0,1226.03,1253.24,1250.13,up
2017-03-07 18:00:00-05:00,1253.23,1254.9,1231.0,1240.46,1241.3249999999998,down
2017-03-08 00:00:00-05:00,1240.64,1241.85,1160.0,1185.43,1194.27,down
2017-03-08 06:00:00-05:00,1186.31,1229.19,1167.49,1201.0,1207.0,up
2017-03-08 12:00:00-05:00,1201.94,1206.04,1175.04,1177.64,1187.71,down
2017-03-08 18:00:00-05:00,1179.0,1179.71,1135.01,1145.7,1156.565,down
2017-03-09 00:00:00-05:00,1146.0,1177.4,1143.91,1175.0,1160.8,up
2017-03-09 06:00:00-05:00,1174.99,1189.23,1158.95,1175.7,1177.5,up
2017-03-09 12:00:00-05:00,1175.7,1208.0,1175.0,1198.95,1199.105,up
2017-03-09 18:00:00-05:00,1198.93,1206.73,1182.0,1199.58,1197.66,up
2017-03-10 00:00:00-05:00,1199.58,1207.5,1170.0,1189.04,1195.9450000000002,down
2017-03-10 06:00:00-05:00,1189.04,1350.0,1170.0,1273.0,1244.44,up
2017-03-10 12:00:00-05:00,1273.0,1302.0,1214.27,1270.0,1252.01,down
2017-03-10 18:00:00-05:00,1270.52,1293.0,975.0,1138.99,1099.96,down
2017-03-11 00:00:00-05:00,1136.32,1180.0,1128.47,1178.0,1145.84,up
2017-03-11 06:00:00-05:00,1177.96,1198.0,1165.56,1196.79,1184.0,up
2017-03-11 12:00:00-05:00,1196.19,1196.81,1171.24,1177.11,1181.17,down
2017-03-11 18:00:00-05:00,1178.21,1191.14,1159.57,1185.44,1173.2,up
2017-03-12 00:00:00-05:00,1185.44,1185.92,1176.84,1178.65,1179.905,down
2017-03-12 06:00:00-04:00,1178.7,1180.27,1170.9,1175.64,1176.23,down
2017-03-12 12:00:00-04:00,1175.63,1239.0,1174.61,1238.0,1216.19,up
2017-03-12 18:00:00-04:00,1236.76,1241.85,1214.35,1227.56,1227.62,down
2017-03-13 00:00:00-04:00,1227.4,1243.0,1216.82,1227.14,1228.0749999999998,down
2017-03-13 06:00:00-04:00,1227.14,1249.02,1215.43,1242.34,1241.01,up
2017-03-13 12:00:00-04:00,1243.01,1248.0,1225.77,1236.93,1237.335,down
2017-03-13 18:00:00-04:00,1237.53,1250.0,1236.88,1239.41,1240.99,up
2017-03-14 00:00:00-04:00,1239.9,1243.39,1227.0,1227.66,1240.08,down
2017-03-14 06:00:00-04:00,1227.66,1247.99,1226.5,1247.15,1239.39,up
2017-03-14 12:00:00-04:00,1246.73,1260.0,1246.02,1246.62,1253.005,down
2017-03-14 18:00:00-04:00,1246.61,1252.92,1239.01,1245.86,1246.76,down
2017-03-15 00:00:00-04:00,1245.86,1256.19,1238.32,1254.44,1247.31,up
2017-03-15 06:00:00-04:00,1253.65,1260.0,1245.24,1255.45,1253.04,up
2017-03-15 12:00:00-04:00,1256.99,1259.43,1245.29,1248.0,1253.01,down
2017-03-15 18:00:00-04:00,1248.0,1259.99,1245.51,1253.72,1253.94,up
2017-03-16 00:00:00-04:00,1253.7,1256.96,1225.37,1240.1,1245.01,down
2017-03-16 06:00:00-04:00,1240.11,1241.99,1209.56,1217.35,1227.35,down
2017-03-16 12:00:00-04:00,1215.71,1224.19,1212.0,1215.68,1218.0,down
2017-03-16 18:00:00-04:00,1215.61,1215.61,1130.0,1168.25,1170.995,down
2017-03-17 00:00:00-04:00,1169.52,1169.57,1077.38,1097.99,1125.0,down
2017-03-17 06:00:00-04:00,1098.0,1157.6,1090.27,1153.81,1120.75,up
2017-03-17 12:00:00-04:00,1156.0,1165.91,1115.0,1120.8,1149.59,down
2017-03-17 18:00:00-04:00,1120.07,1130.92,1063.0,1081.71,1091.12,down
2017-03-18 00:00:00-04:00,1081.01,1095.0,1056.32,1074.76,1069.22,down
2017-03-18 06:00:00-04:00,1074.94,1098.98,1057.35,1063.16,1074.8,down
2017-03-18 12:00:00-04:00,1062.05,1066.31,948.73,983.94,999.0,down
2017-03-18 18:00:00-04:00,983.96,996.09,944.36,974.0,965.11,down
2017-03-19 00:00:00-04:00,974.0,1011.0,974.0,997.07,999.93,up
2017-03-19 06:00:00-04:00,996.99,1008.48,973.0,994.0,994.0,down
2017-03-19 12:00:00-04:00,994.0,1046.9,980.01,1043.66,1025.0,up
2017-03-19 18:00:00-04:00,1043.66,1063.7,1006.56,1019.95,1040.0,down
2017-03-20 00:00:00-04:00,1019.97,1040.1,1010.1,1022.75,1030.0,up
2017-03-20 06:00:00-04:00,1019.02,1049.03,1010.01,1049.0,1038.085,up
2017-03-20 12:00:00-04:00,1048.99,1053.0,1035.07,1043.5,1048.5,down
2017-03-20 18:00:00-04:00,1042.39,1049.0,1025.0,1048.98,1038.655,up
2017-03-21 00:00:00-04:00,1048.89,1083.17,1042.71,1083.16,1061.0,up
2017-03-21 06:00:00-04:00,1083.11,1094.5,1067.51,1088.0,1080.0,up
2017-03-21 12:00:00-04:00,1088.0,1117.9,1075.66,1106.89,1092.0,up
2017-03-21 18:00:00-04:00,1106.71,1117.64,1085.01,1101.11,1107.3,down
2017-03-22 00:00:00-04:00,1102.39,1106.1,1089.0,1091.5,1098.45,down
2017-03-22 06:00:00-04:00,1091.57,1092.44,1041.74,1057.42,1065.46,down
2017-03-22 12:00:00-04:00,1057.42,1062.67,988.0,1002.35,1016.96,down
2017-03-22 18:00:00-04:00,1001.01,1042.27,991.51,1030.96,1015.985,up
2017-03-23 00:00:00-04:00,1032.45,1035.43,1010.69,1029.47,1026.88,down
2017-03-23 06:00:00-04:00,1028.5,1054.4,1023.48,1046.4,1038.0,up
2017-03-23 12:00:00-04:00,1047.62,1052.0,1032.18,1035.8,1044.2649999999999,down
2017-03-23 18:00:00-04:00,1035.75,1042.48,1021.26,1022.91,1029.38,down
2017-03-24 00:00:00-04:00,1021.26,1024.05,992.0,1011.0,1012.4,down
2017-03-24 06:00:00-04:00,1010.78,1019.47,969.0,969.34,997.835,down
2017-03-24 12:00:00-04:00,968.3,996.84,968.28,977.0,982.08,up
2017-03-24 18:00:00-04:00,976.97,976.97,920.0,934.3,943.8199999999999,down
2017-03-25 00:00:00-04:00,934.3,937.58,894.53,896.42,910.225,down
2017-03-25 06:00:00-04:00,896.0,933.97,891.33,921.0,908.76,up
2017-03-25 12:00:00-04:00,920.0,955.59,914.27,945.99,937.22,up
2017-03-25 18:00:00-04:00,945.99,963.36,932.84,954.03,951.34,up
2017-03-26 00:00:00-04:00,956.0,963.17,943.91,954.0,952.8,down
2017-03-26 06:00:00-04:00,953.48,978.81,940.0,973.74,962.825,up
2017-03-26 12:00:00-04:00,973.74,997.0,968.43,973.96,984.17,up
2017-03-26 18:00:00-04:00,973.26,985.97,937.52,960.7,957.39,down
2017-03-27 00:00:00-04:00,961.25,976.85,954.67,973.17,965.06,up
2017-03-27 06:00:00-04:00,974.18,1012.98,971.5,1010.0,991.82,up
2017-03-27 12:00:00-04:00,1009.64,1032.0,1008.53,1022.57,1023.52,up
2017-03-27 18:00:00-04:00,1022.56,1043.0,1008.62,1031.01,1030.0,up
2017-03-28 00:00:00-04:00,1033.19,1038.64,1025.84,1036.5,1031.66,up
2017-03-28 06:00:00-04:00,1037.12,1068.26,1033.5,1067.0,1057.2,up
2017-03-28 12:00:00-04:00,1066.08,1068.0,1032.0,1033.7,1053.6,down
2017-03-28 18:00:00-04:00,1034.71,1047.22,1014.9,1034.88,1032.86,up
2017-03-29 00:00:00-04:00,1035.67,1035.67,1008.16,1014.17,1018.13,down
2017-03-29 06:00:00-04:00,1013.23,1059.43,1010.5,1055.0,1036.51,up
2017-03-29 12:00:00-04:00,1055.4,1055.93,1020.15,1028.99,1043.0,down
2017-03-29 18:00:00-04:00,1028.6,1050.17,1027.82,1043.9,1036.92,up
2017-03-30 00:00:00-04:00,1043.68,1043.9,1021.0,1042.05,1038.12,down
2017-03-30 06:00:00-04:00,1042.05,1046.0,1024.67,1034.0,1035.52,down
2017-03-30 12:00:00-04:00,1033.7,1035.31,1017.14,1029.94,1028.0,down
2017-03-30 18:00:00-04:00,1030.0,1042.68,1023.01,1038.7,1029.01,up
2017-03-31 00:00:00-04:00,1037.15,1048.19,1035.0,1041.9,1042.13,up
2017-03-31 06:00:00-04:00,1041.07,1045.0,1037.0,1039.58,1041.75,down
2017-03-31 12:00:00-04:00,1039.57,1081.0,1037.35,1064.0,1062.0,up
2017-03-31 18:00:00-04:00,1067.74,1080.0,1060.0,1071.37,1070.0,up
2017-04-01 00:00:00-04:00,1071.2,1073.03,1065.5,1070.28,1069.15,down
2017-04-01 06:00:00-04:00,1070.42,1097.0,1070.35,1089.88,1090.92,up
2017-04-01 12:00:00-04:00,1088.01,1095.31,1065.47,1073.01,1072.97,down
2017-04-01 18:00:00-04:00,1073.03,1085.0,1061.64,1077.32,1074.67,up
2017-04-02 00:00:00-04:00,1075.7,1080.98,1072.54,1078.63,1076.01,up
2017-04-02 06:00:00-04:00,1079.37,1088.0,1066.49,1075.0,1075.51,down
2017-04-02 12:00:00-04:00,1074.62,1094.5,1071.12,1090.06,1081.19,up
2017-04-02 18:00:00-04:00,1090.15,1109.87,1076.0,1106.41,1089.46,up
2017-04-03 00:00:00-04:00,1106.41,1126.97,1098.06,1120.88,1116.115,up
2017-04-03 06:00:00-04:00,1120.48,1135.0,1108.01,1126.7,1126.09,up
2017-04-03 12:00:00-04:00,1126.0,1138.22,1122.17,1131.39,1131.525,up
2017-04-03 18:00:00-04:00,1131.39,1152.0,1126.97,1149.11,1145.43,up
2017-04-04 00:00:00-04:00,1150.24,1151.86,1138.36,1146.74,1145.02,down
2017-04-04 06:00:00-04:00,1146.17,1162.93,1132.59,1138.0,1152.06,down
2017-04-04 12:00:00-04:00,1137.52,1143.19,1118.85,1137.3,1133.78,down
2017-04-04 18:00:00-04:00,1133.91,1144.99,1132.0,1144.49,1137.73,up
2017-04-05 00:00:00-04:00,1144.49,1145.0,1131.07,1131.92,1138.22,down
2017-04-05 06:00:00-04:00,1131.07,1133.65,1111.0,1129.72,1123.895,down
2017-04-05 12:00:00-04:00,1129.86,1133.53,1118.37,1130.24,1125.22,up
2017-04-05 18:00:00-04:00,1130.5,1146.42,1122.31,1141.05,1131.27,up
2017-04-06 00:00:00-04:00,1141.05,1164.5,1140.29,1160.82,1153.21,up
2017-04-06 06:00:00-04:00,1160.81,1178.96,1153.0,1172.0,1165.24,up
2017-04-06 12:00:00-04:00,1172.0,1188.29,1161.04,1180.82,1170.68,up
2017-04-06 18:00:00-04:00,1180.33,1201.37,1179.87,1186.13,1190.51,up
2017-04-07 00:00:00-04:00,1186.13,1197.1,1176.0,1183.11,1184.89,down
2017-04-07 06:00:00-04:00,1181.29,1202.0,1181.14,1188.79,1190.0,up
2017-04-07 12:00:00-04:00,1188.79,1194.0,1181.4,1188.19,1189.47,down
2017-04-07 18:00:00-04:00,1189.98,1198.13,1181.02,1182.0,1191.56,down
2017-04-08 00:00:00-04:00,1181.99,1197.3,1181.49,1190.87,1192.02,up
2017-04-08 06:00:00-04:00,1190.87,1195.95,1183.24,1192.26,1191.88,up
2017-04-08 12:00:00-04:00,1192.26,1192.57,1166.66,1171.13,1186.8,down
2017-04-08 18:00:00-04:00,1172.02,1188.92,1171.0,1185.41,1179.11,up
2017-04-09 00:00:00-04:00,1186.02,1188.88,1182.38,1185.48,1185.2849999999999,down
2017-04-09 06:00:00-04:00,1186.0,1186.51,1173.98,1184.29,1182.74,down
2017-04-09 12:00:00-04:00,1184.29,1216.87,1183.68,1206.97,1205.37,up
2017-04-09 18:00:00-04:00,1206.29,1214.99,1204.69,1207.91,1211.06,up
2017-04-10 00:00:00-04:00,1207.96,1212.3,1200.02,1204.45,1207.005,down
2017-04-10 06:00:00-04:00,1202.9,1219.71,1200.87,1206.88,1210.68,up
2017-04-10 12:00:00-04:00,1206.19,1214.45,1201.39,1201.39,1209.97,down
2017-04-10 18:00:00-04:00,1202.99,1212.0,1195.0,1212.0,1205.02,up
2017-04-11 00:00:00-04:00,1212.0,1214.53,1198.02,1206.72,1202.98,down
2017-04-11 06:00:00-04:00,1207.61,1213.0,1202.62,1212.34,1210.0,up
2017-04-11 12:00:00-04:00,1211.87,1229.0,1210.68,1223.36,1220.0,up
2017-04-11 18:00:00-04:00,1223.36,1227.0,1215.11,1222.81,1221.41,down
2017-04-12 00:00:00-04:00,1222.4,1224.57,1208.0,1209.68,1220.0,down
2017-04-12 06:00:00-04:00,1209.69,1223.0,1209.44,1214.59,1218.39,up
2017-04-12 12:00:00-04:00,1213.88,1224.2,1209.43,1218.53,1216.8850000000002,up
2017-04-12 18:00:00-04:00,1218.53,1221.5,1209.43,1212.83,1214.63,down
2017-04-13 00:00:00-04:00,1215.45,1219.45,1165.0,1181.0,1192.78,down
2017-04-13 06:00:00-04:00,1182.86,1198.0,1179.46,1196.12,1190.205,up
2017-04-13 12:00:00-04:00,1194.36,1196.17,1141.0,1164.32,1169.98,down
2017-04-13 18:00:00-04:00,1164.03,1176.98,1161.53,1176.4,1171.41,up
2017-04-14 00:00:00-04:00,1176.82,1189.98,1175.02,1189.01,1181.93,up
2017-04-14 06:00:00-04:00,1189.95,1193.0,1142.0,1162.36,1159.56,down
2017-04-14 12:00:00-04:00,1161.99,1183.0,1157.08,1170.09,1173.42,up
2017-04-14 18:00:00-04:00,1171.48,1173.05,1160.61,1169.9,1168.295,down
2017-04-15 00:00:00-04:00,1169.9,1180.0,1169.0,1176.95,1176.5549999999998,up
2017-04-15 06:00:00-04:00,1176.95,1182.34,1175.08,1178.49,1178.33,up
2017-04-15 12:00:00-04:00,1178.09,1192.5,1176.01,1184.98,1184.5,up
2017-04-15 18:00:00-04:00,1183.31,1184.96,1165.0,1172.4,1172.5149999999999,down
2017-04-16 00:00:00-04:00,1173.0,1178.67,1171.54,1176.5,1176.29,up
2017-04-16 06:00:00-04:00,1176.5,1178.92,1153.06,1153.97,1168.0,down
2017-04-16 12:00:00-04:00,1153.11,1179.3,1150.0,1172.0,1163.01,up
2017-04-16 18:00:00-04:00,1172.0,1174.44,1161.0,1163.51,1169.48,down
2017-04-17 00:00:00-04:00,1163.0,1172.0,1161.0,1172.0,1165.73,up
2017-04-17 06:00:00-04:00,1167.58,1174.45,1161.58,1162.87,1167.51,down
2017-04-17 12:00:00-04:00,1163.5,1192.5,1161.0,1183.92,1182.99,up
2017-04-17 18:00:00-04:00,1183.35,1189.98,1174.88,1181.02,1180.37,down
2017-04-18 00:00:00-04:00,1180.81,1203.6,1180.52,1199.44,1195.3899999999999,up
2017-04-18 06:00:00-04:00,1198.85,1210.0,1197.72,1209.9,1206.93,up
2017-04-18 12:00:00-04:00,1209.22,1209.99,1197.02,1204.24,1204.495,down
2017-04-18 18:00:00-04:00,1204.2,1204.64,1197.01,1198.48,1200.37,down
2017-04-19 00:00:00-04:00,1198.47,1209.99,1193.0,1193.5,1204.47,down
2017-04-19 06:00:00-04:00,1193.5,1203.53,1190.0,1200.05,1198.22,up
2017-04-19 12:00:00-04:00,1200.05,1205.68,1194.99,1205.68,1201.39,up
2017-04-19 18:00:00-04:00,1205.01,1209.0,1190.0,1206.13,1203.39,up
2017-04-20 00:00:00-04:00,1205.78,1213.82,1201.66,1209.62,1207.71,up
2017-04-20 06:00:00-04:00,1209.95,1221.45,1209.61,1219.39,1218.62,up
2017-04-20 12:00:00-04:00,1219.39,1243.88,1216.51,1233.11,1229.085,up
2017-04-20 18:00:00-04:00,1233.14,1240.56,1226.04,1237.0,1232.6,up
2017-04-21 00:00:00-04:00,1237.02,1244.89,1231.65,1242.79,1236.01,up
2017-04-21 06:00:00-04:00,1241.25,1252.32,1235.0,1247.14,1247.5,up
2017-04-21 12:00:00-04:00,1247.14,1250.89,1233.0,1235.25,1241.6950000000002,down
2017-04-21 18:00:00-04:00,1236.27,1246.99,1235.17,1243.36,1240.52,up
2017-04-22 00:00:00-04:00,1243.99,1247.15,1240.3,1244.26,1244.4,up
2017-04-22 06:00:00-04:00,1245.37,1246.37,1226.0,1227.68,1234.67,down
2017-04-22 12:00:00-04:00,1226.38,1236.5,1199.0,1235.86,1223.65,up
2017-04-22 18:00:00-04:00,1236.42,1245.0,1227.56,1230.12,1240.07,down
2017-04-23 00:00:00-04:00,1229.98,1235.34,1223.42,1233.59,1229.0,up
2017-04-23 06:00:00-04:00,1233.59,1248.99,1232.79,1235.28,1237.84,up
2017-04-23 12:00:00-04:00,1235.28,1245.19,1231.0,1241.49,1236.04,up
2017-04-23 18:00:00-04:00,1241.36,1243.1,1236.25,1240.0,1240.0,down
2017-04-24 00:00:00-04:00,1240.41,1244.38,1234.0,1244.38,1236.1350000000002,up
2017-04-24 06:00:00-04:00,1242.48,1245.0,1237.08,1242.05,1241.4,down
2017-04-24 12:00:00-04:00,1242.06,1250.54,1241.68,1250.54,1246.59,up
2017-04-24 18:00:00-04:00,1250.58,1254.78,1249.3,1254.02,1252.645,up
2017-04-25 00:00:00-04:00,1254.13,1257.6,1251.07,1254.96,1254.29,up
2017-04-25 06:00:00-04:00,1254.96,1274.0,1251.8,1266.42,1265.0,up
2017-04-25 12:00:00-04:00,1266.42,1280.0,1262.02,1274.98,1271.81,up
2017-04-25 18:00:00-04:00,1274.98,1277.16,1269.0,1273.25,1274.0,down
2017-04-26 00:00:00-04:00,1272.62,1284.3,1265.0,1283.79,1274.99,up
2017-04-26 06:00:00-04:00,1279.93,1289.09,1279.83,1289.09,1283.61,up
2017-04-26 12:00:00-04:00,1288.06,1330.0,1287.03,1307.78,1304.98,up
2017-04-26 18:00:00-04:00,1307.81,1307.93,1281.0,1286.0,1291.6750000000002,down
2017-04-27 00:00:00-04:00,1286.0,1310.69,1285.91,1306.62,1294.61,up
2017-04-27 06:00:00-04:00,1306.62,1310.69,1296.96,1305.53,1306.31,down
2017-04-27 12:00:00-04:00,1305.53,1338.0,1305.53,1322.58,1327.0,up
2017-04-27 18:00:00-04:00,1322.58,1342.02,1319.88,1320.02,1333.94,down
2017-04-28 00:00:00-04:00,1320.02,1347.02,1319.88,1323.99,1336.045,up
2017-04-28 06:00:00-04:00,1322.16,1335.0,1300.0,1325.67,1325.88,up
2017-04-28 12:00:00-04:00,1325.73,1331.42,1299.34,1304.41,1320.43,down
2017-04-28 18:00:00-04:00,1304.44,1339.18,1299.0,1334.87,1318.17,up
2017-04-29 00:00:00-04:00,1335.6,1340.0,1323.03,1328.37,1329.7350000000001,down
2017-04-29 06:00:00-04:00,1325.76,1331.47,1316.0,1320.0,1322.275,down
2017-04-29 12:00:00-04:00,1321.58,1342.8,1320.0,1341.0,1331.86,up
2017-04-29 18:00:00-04:00,1339.0,1342.0,1331.0,1332.02,1335.09,down
2017-04-30 00:00:00-04:00,1331.45,1332.75,1321.01,1324.77,1327.98,down
2017-04-30 06:00:00-04:00,1329.56,1332.36,1315.68,1326.4,1323.99,down
2017-04-30 12:00:00-04:00,1326.4,1335.0,1321.4,1334.72,1327.6,up
2017-04-30 18:00:00-04:00,1334.72,1357.98,1325.95,1355.39,1350.0,up
2017-05-01 00:00:00-04:00,1355.0,1368.0,1341.22,1363.13,1360.0,up
2017-05-01 06:00:00-04:00,1365.6,1365.6,1345.0,1361.5,1357.0,down
2017-05-01 12:00:00-04:00,1361.5,1425.0,1357.56,1408.01,1390.0,up
2017-05-01 18:00:00-04:00,1408.01,1417.11,1388.0,1390.28,1407.9,down
2017-05-02 00:00:00-04:00,1390.03,1424.69,1388.9,1420.09,1417.7,up
2017-05-02 06:00:00-04:00,1421.49,1481.73,1418.42,1463.16,1449.0,up
2017-05-02 12:00:00-04:00,1463.01,1469.99,1420.01,1422.45,1449.39,down
2017-05-02 18:00:00-04:00,1422.52,1450.37,1403.0,1450.37,1436.19,up
2017-05-03 00:00:00-04:00,1449.39,1469.0,1431.02,1447.96,1456.1550000000002,down
2017-05-03 06:00:00-04:00,1442.3,1485.65,1442.29,1472.68,1470.0,up
2017-05-03 12:00:00-04:00,1472.68,1496.0,1461.14,1487.86,1474.87,up
2017-05-03 18:00:00-04:00,1490.09,1516.04,1480.02,1507.69,1499.46,up
2017-05-04 00:00:00-04:00,1507.69,1520.0,1497.43,1517.5,1510.43,up
2017-05-04 06:00:00-04:00,1518.99,1565.0,1514.5,1548.08,1548.0,up
2017-05-04 12:00:00-04:00,1548.31,1623.01,1547.03,1586.79,1581.0,up
2017-05-04 18:00:00-04:00,1586.73,1602.29,1444.94,1534.0,1526.03,down
2017-05-05 00:00:00-04:00,1535.65,1609.0,1535.65,1599.33,1563.5,up
2017-05-05 06:00:00-04:00,1599.33,1608.04,1533.53,1580.59,1578.12,down
2017-05-05 12:00:00-04:00,1581.99,1585.52,1496.07,1532.36,1545.0549999999998,down
2017-05-05 18:00:00-04:00,1531.62,1546.2,1495.0,1532.89,1523.43,up
2017-05-06 00:00:00-04:00,1530.59,1547.0,1510.5,1525.11,1526.67,down
2017-05-06 06:00:00-04:00,1525.11,1564.32,1519.01,1547.99,1534.07,up
2017-05-06 12:00:00-04:00,1546.02,1578.97,1505.0,1573.0,1544.16,up
2017-05-06 18:00:00-04:00,1573.0,1573.0,1551.0,1555.75,1558.78,down
2017-05-07 00:00:00-04:00,1555.71,1565.0,1540.0,1547.94,1555.0,down
2017-05-07 06:00:00-04:00,1547.94,1551.47,1525.0,1532.97,1539.7,down
2017-05-07 12:00:00-04:00,1532.95,1546.08,1525.02,1546.08,1530.4,up
2017-05-07 18:00:00-04:00,1545.7,1566.0,1525.1,1563.06,1535.01,up
2017-05-08 00:00:00-04:00,1562.32,1589.96,1560.05,1570.0,1574.31,up
2017-05-08 06:00:00-04:00,1570.13,1609.98,1560.09,1565.02,1588.96,down
2017-05-08 12:00:00-04:00,1565.0,1593.33,1560.0,1591.26,1571.25,up
2017-05-08 18:00:00-04:00,1592.07,1653.97,1586.0,1642.73,1624.49,up
2017-05-09 00:00:00-04:00,1644.99,1692.4,1637.02,1692.39,1665.0,up
2017-05-09 06:00:00-04:00,1692.39,1760.4,1682.48,1728.77,1714.31,up
2017-05-09 12:00:00-04:00,1730.0,1759.7,1695.6,1751.99,1728.72,up
2017-05-09 18:00:00-04:00,1751.99,1756.72,1661.07,1731.35,1714.975,down
2017-05-10 00:00:00-04:00,1730.01,1735.06,1682.0,1718.0,1714.3,down
2017-05-10 06:00:00-04:00,1718.0,1749.0,1716.21,1745.43,1742.43,up
2017-05-10 12:00:00-04:00,1745.45,1794.21,1745.45,1773.17,1774.92,up
2017-05-10 18:00:00-04:00,1773.17,1776.79,1745.0,1751.26,1763.42,down
2017-05-11 00:00:00-04:00,1751.25,1824.0,1750.59,1822.84,1787.77,up
2017-05-11 06:00:00-04:00,1822.84,1892.0,1807.25,1846.0,1857.19,up
2017-05-11 12:00:00-04:00,1846.0,1868.0,1840.0,1845.64,1851.7350000000001,down
2017-05-11 18:00:00-04:00,1845.61,1847.95,1792.0,1825.12,1822.95,down
2017-05-12 00:00:00-04:00,1823.01,1828.0,1733.0,1787.95,1785.605,down
2017-05-12 06:00:00-04:00,1787.93,1826.0,1770.82,1799.7,1799.45,up
2017-05-12 12:00:00-04:00,1799.47,1799.7,1724.0,1726.0,1760.24,down
2017-05-12 18:00:00-04:00,1725.17,1733.06,1650.0,1674.17,1695.96,down
2017-05-13 00:00:00-04:00,1678.38,1714.0,1601.46,1687.7,1642.3,up
2017-05-13 06:00:00-04:00,1686.11,1747.0,1668.4,1726.29,1709.0,up
2017-05-13 12:00:00-04:00,1726.29,1734.0,1685.69,1723.03,1713.04,down
2017-05-13 18:00:00-04:00,1724.04,1788.15,1713.0,1787.42,1762.54,up
2017-05-14 00:00:00-04:00,1787.42,1796.0,1763.0,1793.99,1783.03,up
2017-05-14 06:00:00-04:00,1793.99,1815.0,1770.11,1783.13,1798.01,down
2017-05-14 12:00:00-04:00,1778.71,1797.77,1753.0,1766.12,1771.88,down
2017-05-14 18:00:00-04:00,1766.13,1792.0,1754.15,1774.58,1777.4050000000002,up
2017-05-15 00:00:00-04:00,1781.5,1782.25,1710.0,1754.75,1741.05,down
2017-05-15 06:00:00-04:00,1754.82,1760.0,1682.56,1743.49,1738.03,down
2017-05-15 12:00:00-04:00,1738.5,1745.99,1685.58,1699.99,1716.65,down
2017-05-15 18:00:00-04:00,1700.0,1745.54,1681.0,1686.99,1708.0,down
2017-05-16 00:00:00-04:00,1690.4,1708.6,1641.22,1695.0,1680.225,up
2017-05-16 06:00:00-04:00,1695.34,1730.0,1680.0,1718.99,1717.0,up
2017-05-16 12:00:00-04:00,1718.99,1750.0,1710.12,1727.48,1730.97,up
2017-05-16 18:00:00-04:00,1728.99,1736.92,1686.4,1704.48,1710.02,down
2017-05-17 00:00:00-04:00,1704.45,1808.0,1670.01,1770.43,1722.01,up
2017-05-17 06:00:00-04:00,1774.81,1812.0,1730.28,1807.29,1790.15,up
2017-05-17 12:00:00-04:00,1810.01,1840.42,1787.29,1824.96,1817.68,up
2017-05-17 18:00:00-04:00,1824.95,1825.76,1765.26,1783.11,1784.02,down
2017-05-18 00:00:00-04:00,1786.04,1813.98,1766.33,1808.0,1790.53,up
2017-05-18 06:00:00-04:00,1808.0,1823.33,1783.11,1797.71,1799.99,down
2017-05-18 12:00:00-04:00,1796.41,1870.0,1796.41,1852.01,1854.08,up
2017-05-18 18:00:00-04:00,1852.01,1908.62,1851.0,1899.81,1879.0,up
2017-05-19 00:00:00-04:00,1900.0,1935.0,1874.99,1919.98,1900.99,up
2017-05-19 06:00:00-04:00,1915.49,1954.0,1911.59,1945.0,1931.0,up
2017-05-19 12:00:00-04:00,1945.0,1954.99,1898.0,1913.0,1941.21,down
2017-05-19 18:00:00-04:00,1912.99,1976.95,1912.96,1969.8,1955.87,up
2017-05-20 00:00:00-04:00,1976.92,1989.0,1964.18,1988.31,1979.17,up
2017-05-20 06:00:00-04:00,1987.0,1989.0,1930.0,1957.0,1963.72,down
2017-05-20 12:00:00-04:00,1956.2,1985.0,1914.0,1977.47,1960.59,up
2017-05-20 18:00:00-04:00,1977.47,2024.99,1965.02,2022.0,1996.32,up
2017-05-21 00:00:00-04:00,2021.98,2048.0,2000.0,2038.02,2028.74,up
2017-05-21 06:00:00-04:00,2040.0,2063.11,2001.0,2005.0,2041.0,down
2017-05-21 12:00:00-04:00,2005.0,2043.11,1961.52,2001.79,2000.3600000000001,down
2017-05-21 18:00:00-04:00,1998.78,2022.0,1988.0,2022.0,2014.35,up
2017-05-22 00:00:00-04:00,2020.32,2130.01,2012.03,2123.01,2064.965,up
2017-05-22 06:00:00-04:00,2123.01,2134.86,2050.0,2117.95,2103.0,down
2017-05-22 12:00:00-04:00,2117.82,2212.42,2080.0,2211.0,2174.99,up
2017-05-22 18:00:00-04:00,2210.72,2230.34,2001.0,2123.9,2125.01,down
2017-05-23 00:00:00-04:00,2127.79,2189.09,2090.13,2148.06,2148.0,up
2017-05-23 06:00:00-04:00,2153.46,2210.92,2125.37,2202.0,2174.95,up
2017-05-23 12:00:00-04:00,2202.0,2268.12,2180.0,2234.39,2230.63,up
2017-05-23 18:00:00-04:00,2231.75,2288.17,2210.01,2284.11,2246.37,up
2017-05-24 00:00:00-04:00,2280.04,2330.21,2269.01,2328.72,2302.99,up
2017-05-24 06:00:00-04:00,2330.21,2401.34,2290.17,2399.91,2340.0,up
2017-05-24 12:00:00-04:00,2399.91,2444.0,2344.03,2443.98,2406.73,up
2017-05-24 18:00:00-04:00,2441.91,2481.75,2350.0,2454.77,2447.01,up
2017-05-25 00:00:00-04:00,2459.15,2640.0,2455.27,2633.98,2541.9849999999997,up
2017-05-25 06:00:00-04:00,2633.98,2743.99,2540.0,2730.0,2661.85,up
2017-05-25 12:00:00-04:00,2730.0,2760.1,2263.72,2492.08,2512.0,down
2017-05-25 18:00:00-04:00,2492.99,2510.59,2221.0,2359.98,2376.76,down
2017-05-26 00:00:00-04:00,2354.08,2469.85,2288.76,2426.01,2368.0,up
2017-05-26 06:00:00-04:00,2426.07,2599.12,2387.59,2488.0,2524.0,up
2017-05-26 12:00:00-04:00,2491.98,2520.0,2190.5,2236.0,2362.0,down
2017-05-26 18:00:00-04:00,2234.17,2350.0,2060.0,2287.0,2265.26,up
2017-05-27 00:00:00-04:00,2287.0,2339.94,2000.94,2108.36,2153.96,down
2017-05-27 06:00:00-04:00,2119.98,2165.71,1850.0,2040.03,2000.0,down
2017-05-27 12:00:00-04:00,2046.1,2174.99,2005.01,2088.99,2088.44,up
2017-05-27 18:00:00-04:00,2088.99,2133.43,2001.0,2099.99,2050.0,up
2017-05-28 00:00:00-04:00,2099.89,2231.75,2098.03,2192.72,2179.6,up
2017-05-28 06:00:00-04:00,2190.52,2313.96,2181.55,2242.23,2255.19,up
2017-05-28 12:00:00-04:00,2242.23,2281.98,2100.0,2178.29,2164.92,down
2017-05-28 18:00:00-04:00,2178.27,2199.24,2081.0,2190.32,2155.38,up
2017-05-29 00:00:00-04:00,2186.05,2223.47,2110.0,2211.69,2159.96,up
2017-05-29 06:00:00-04:00,2211.69,2300.58,2185.98,2243.95,2240.0,up
2017-05-29 12:00:00-04:00,2243.98,2321.0,2201.0,2312.32,2256.91,up
2017-05-29 18:00:00-04:00,2319.99,2350.0,2215.0,2249.43,2313.01,down
2017-05-30 00:00:00-04:00,2248.21,2339.08,2248.21,2307.11,2300.21,up
2017-05-30 06:00:00-04:00,2307.12,2328.48,2269.81,2299.98,2308.66,down
2017-05-30 12:00:00-04:00,2299.98,2304.54,2214.95,2244.88,2253.17,down
2017-05-30 18:00:00-04:00,2249.73,2293.46,2160.0,2242.51,2216.87,down
2017-05-31 00:00:00-04:00,2243.58,2249.47,2154.28,2233.08,2210.97,down
2017-05-31 06:00:00-04:00,2233.08,2265.0,2203.17,2217.97,2231.21,down
2017-05-31 12:00:00-04:00,2217.97,2334.0,2214.67,2328.0,2303.67,up
2017-05-31 18:00:00-04:00,2327.82,2334.0,2269.36,2312.37,2301.24,down
2017-06-01 00:00:00-04:00,2312.39,2398.97,2301.41,2369.87,2364.96,up
2017-06-01 06:00:00-04:00,2369.87,2456.39,2361.21,2435.81,2415.9,up
2017-06-01 12:00:00-04:00,2434.33,2456.0,2321.05,2373.2,2402.5950000000003,down
2017-06-01 18:00:00-04:00,2371.42,2420.0,2360.0,2398.43,2395.06,up
2017-06-02 00:00:00-04:00,2398.46,2448.73,2381.0,2448.39,2431.7,up
2017-06-02 06:00:00-04:00,2447.46,2449.55,2413.56,2435.0,2432.2,down
2017-06-02 12:00:00-04:00,2434.9,2442.08,2370.03,2432.74,2421.67,down
2017-06-02 18:00:00-04:00,2433.01,2493.0,2407.17,2487.26,2453.31,up
2017-06-03 00:00:00-04:00,2487.34,2496.0,2445.0,2485.0,2472.29,down
2017-06-03 06:00:00-04:00,2485.0,2529.78,2475.1,2517.67,2510.0,up
2017-06-03 12:00:00-04:00,2517.68,2584.34,2506.8,2559.71,2559.425,up
2017-06-03 18:00:00-04:00,2559.71,2577.45,2486.0,2514.36,2545.83,down
2017-06-04 00:00:00-04:00,2514.36,2547.53,2477.99,2531.6,2519.0,up
2017-06-04 06:00:00-04:00,2530.99,2569.0,2504.55,2542.0,2541.06,up
2017-06-04 12:00:00-04:00,2542.0,2550.0,2510.0,2523.31,2527.62,down
2017-06-04 18:00:00-04:00,2523.3,2555.27,2460.0,2555.01,2512.61,up
2017-06-05 00:00:00-04:00,2555.24,2590.0,2542.61,2589.98,2572.78,up
2017-06-05 06:00:00-04:00,2586.0,2596.96,2563.86,2593.9,2581.97,up
2017-06-05 12:00:00-04:00,2589.7,2628.08,2582.16,2621.95,2614.67,up
2017-06-05 18:00:00-04:00,2621.95,2749.59,2618.46,2747.92,2670.02,up
2017-06-06 00:00:00-04:00,2747.99,2877.47,2702.24,2837.66,2820.33,up
2017-06-06 06:00:00-04:00,2834.64,2922.0,2834.63,2908.43,2865.16,up
2017-06-06 12:00:00-04:00,2909.97,2933.0,2689.4,2817.9,2806.7650000000003,down
2017-06-06 18:00:00-04:00,2819.0,2893.28,2812.15,2826.11,2860.76,up
2017-06-07 00:00:00-04:00,2824.8,2885.21,2782.02,2813.01,2853.94,down
2017-06-07 06:00:00-04:00,2813.0,2869.64,2794.88,2857.76,2842.1,up
2017-06-07 12:00:00-04:00,2857.85,2861.0,2754.67,2799.08,2812.86,down
2017-06-07 18:00:00-04:00,2799.03,2808.23,2612.5,2675.5,2699.99,down
2017-06-08 00:00:00-04:00,2672.71,2810.0,2654.15,2796.96,2734.2,up
2017-06-08 06:00:00-04:00,2796.99,2805.27,2732.97,2764.44,2779.98,down
2017-06-08 12:00:00-04:00,2762.02,2763.52,2700.0,2736.09,2736.56,down
2017-06-08 18:00:00-04:00,2736.06,2815.0,2728.85,2795.04,2781.71,up
2017-06-09 00:00:00-04:00,2794.97,2844.0,2790.91,2808.73,2819.96,up
2017-06-09 06:00:00-04:00,2808.74,2836.54,2780.43,2832.93,2810.04,up
2017-06-09 12:00:00-04:00,2832.97,2868.23,2810.0,2826.0,2846.64,down
2017-06-09 18:00:00-04:00,2826.01,2844.96,2790.0,2821.25,2822.97,down
2017-06-10 00:00:00-04:00,2821.24,2844.26,2800.0,2820.04,2824.6899999999996,down
2017-06-10 06:00:00-04:00,2820.04,2905.01,2804.48,2905.01,2859.92,up
2017-06-10 12:00:00-04:00,2905.6,2912.98,2845.9,2867.67,2877.17,down
2017-06-10 18:00:00-04:00,2865.23,2905.0,2800.0,2882.0,2877.125,up
2017-06-11 00:00:00-04:00,2882.0,2909.51,2865.12,2887.13,2886.01,up
2017-06-11 06:00:00-04:00,2887.13,2900.0,2871.15,2888.02,2887.3050000000003,up
2017-06-11 12:00:00-04:00,2888.03,2960.24,2873.01,2928.56,2935.67,up
2017-06-11 18:00:00-04:00,2929.5,2972.97,2925.49,2968.57,2945.76,up
2017-06-12 00:00:00-04:00,2960.79,2980.0,2922.62,2929.01,2957.0,down
2017-06-12 06:00:00-04:00,2931.3,2954.7,2702.0,2788.37,2795.0,down
2017-06-12 12:00:00-04:00,2788.33,2803.9,2480.03,2609.93,2651.37,down
2017-06-12 18:00:00-04:00,2609.99,2700.0,2505.01,2695.0,2628.48,up
2017-06-13 00:00:00-04:00,2693.95,2761.88,2638.62,2750.29,2681.9,up
2017-06-13 06:00:00-04:00,2754.94,2783.62,2666.71,2721.05,2733.0,down
2017-06-13 12:00:00-04:00,2721.02,2750.0,2695.0,2718.49,2732.0,down
2017-06-13 18:00:00-04:00,2720.24,2740.04,2670.0,2730.0,2706.44,up
2017-06-14 00:00:00-04:00,2730.0,2801.0,2720.11,2757.99,2757.65,up
2017-06-14 06:00:00-04:00,2757.99,2758.0,2705.33,2720.11,2734.32,down
2017-06-14 12:00:00-04:00,2723.0,2724.0,2490.01,2577.89,2597.0,down
2017-06-14 18:00:00-04:00,2575.07,2589.06,2320.0,2448.97,2446.94,down
2017-06-15 00:00:00-04:00,2442.36,2516.2,2230.0,2360.04,2363.6800000000003,down
2017-06-15 06:00:00-04:00,2364.89,2474.66,2290.27,2299.99,2371.13,down
2017-06-15 12:00:00-04:00,2299.99,2325.0,2120.0,2259.86,2228.99,down
2017-06-15 18:00:00-04:00,2256.76,2434.0,2249.0,2352.52,2377.0,up
2017-06-16 00:00:00-04:00,2358.62,2472.42,2307.66,2462.0,2390.675,up
2017-06-16 06:00:00-04:00,2462.02,2525.0,2421.0,2421.0,2475.99,down
2017-06-16 12:00:00-04:00,2421.4,2513.16,2400.0,2470.58,2454.9,up
2017-06-16 18:00:00-04:00,2476.61,2540.0,2412.1,2460.34,2482.54,down
2017-06-17 00:00:00-04:00,2457.47,2525.0,2420.53,2505.14,2463.69,up
2017-06-17 06:00:00-04:00,2513.19,2585.0,2494.4,2551.92,2555.0,up
2017-06-17 12:00:00-04:00,2561.19,2668.44,2525.13,2655.0,2599.86,up
2017-06-17 18:00:00-04:00,2655.0,2674.4,2588.79,2613.97,2643.69,down
2017-06-18 00:00:00-04:00,2613.97,2665.0,2586.54,2605.0,2642.76,down
2017-06-18 06:00:00-04:00,2605.0,2605.0,2485.0,2583.14,2560.565,down
2017-06-18 12:00:00-04:00,2583.14,2583.14,2499.05,2530.01,2540.0,down
2017-06-18 18:00:00-04:00,2532.24,2540.72,2460.62,2528.0,2492.1,down
2017-06-19 00:00:00-04:00,2528.0,2583.47,2500.0,2577.34,2560.25,up
2017-06-19 06:00:00-04:00,2576.94,2582.99,2480.96,2532.26,2528.07,down
2017-06-19 12:00:00-04:00,2526.32,2596.0,2525.02,2579.97,2569.99,up
2017-06-19 18:00:00-04:00,2579.97,2639.83,2551.97,2637.14,2580.01,up
2017-06-20 00:00:00-04:00,2637.14,2653.0,2603.18,2622.5,2627.21,down
2017-06-20 06:00:00-04:00,2622.5,2655.31,2581.0,2655.21,2613.35,up
2017-06-20 12:00:00-04:00,2654.75,2765.4,2636.52,2761.83,2670.98,up
2017-06-20 18:00:00-04:00,2761.82,2783.0,2701.53,2735.45,2748.7,down
2017-06-21 00:00:00-04:00,2735.47,2789.0,2632.81,2712.16,2739.4449999999997,down
2017-06-21 06:00:00-04:00,2712.16,2750.36,2670.23,2740.72,2720.0,up
2017-06-21 12:00:00-04:00,2740.72,2749.0,2665.0,2702.93,2700.36,down
2017-06-21 18:00:00-04:00,2702.96,2720.0,2611.0,2658.71,2662.07,down
2017-06-22 00:00:00-04:00,2668.81,2674.0,2594.61,2653.11,2645.0,down
2017-06-22 06:00:00-04:00,2648.32,2690.0,2625.01,2674.74,2669.995,up
2017-06-22 12:00:00-04:00,2674.73,2740.0,2668.25,2717.71,2718.48,up
2017-06-22 18:00:00-04:00,2717.73,2730.0,2675.71,2717.58,2703.6,down
2017-06-23 00:00:00-04:00,2724.03,2739.99,2703.92,2714.61,2725.99,down
2017-06-23 06:00:00-04:00,2714.91,2726.0,2688.88,2712.86,2711.9,down
2017-06-23 12:00:00-04:00,2716.97,2745.0,2700.0,2723.0,2725.935,up
2017-06-23 18:00:00-04:00,2725.11,2734.35,2657.46,2700.83,2702.51,down
2017-06-24 00:00:00-04:00,2703.59,2724.96,2687.92,2704.13,2702.06,up
2017-06-24 06:00:00-04:00,2709.17,2720.16,2700.46,2711.19,2710.48,up
2017-06-24 12:00:00-04:00,2702.26,2708.0,2532.31,2567.81,2627.41,down
2017-06-24 18:00:00-04:00,2567.81,2591.27,2512.13,2539.35,2551.37,down
2017-06-25 00:00:00-04:00,2548.11,2593.03,2505.25,2584.81,2540.0,up
2017-06-25 06:00:00-04:00,2585.96,2635.72,2566.6,2609.86,2600.0,up
2017-06-25 12:00:00-04:00,2615.0,2619.68,2515.42,2529.16,2575.85,down
2017-06-25 18:00:00-04:00,2529.16,2540.68,2432.0,2512.68,2489.39,down
2017-06-26 00:00:00-04:00,2512.68,2550.03,2455.11,2473.17,2524.0,down
2017-06-26 06:00:00-04:00,2470.47,2541.0,2432.97,2522.81,2510.575,up
2017-06-26 12:00:00-04:00,2522.79,2529.28,2317.2,2353.0,2420.03,down
2017-06-26 18:00:00-04:00,2349.6,2449.0,2315.01,2414.29,2388.185,up
2017-06-27 00:00:00-04:00,2414.29,2465.0,2405.0,2413.38,2440.425,down
2017-06-27 06:00:00-04:00,2414.92,2429.99,2351.19,2402.24,2394.01,down
2017-06-27 12:00:00-04:00,2400.02,2408.0,2291.0,2374.99,2344.98,down
2017-06-27 18:00:00-04:00,2374.08,2567.01,2373.99,2524.19,2475.0,up
2017-06-28 00:00:00-04:00,2524.19,2544.81,2468.01,2502.68,2500.02,down
2017-06-28 06:00:00-04:00,2502.67,2550.0,2474.76,2539.57,2523.005,up
2017-06-28 12:00:00-04:00,2541.9,2570.0,2520.1,2545.0,2547.05,up
2017-06-28 18:00:00-04:00,2544.0,2593.0,2530.89,2554.08,2563.18,up
2017-06-29 00:00:00-04:00,2545.3,2576.98,2536.55,2569.94,2558.29,up
2017-06-29 06:00:00-04:00,2567.63,2584.88,2505.55,2518.45,2545.01,down
2017-06-29 12:00:00-04:00,2520.45,2594.78,2500.31,2577.0,2572.85,up
2017-06-29 18:00:00-04:00,2577.0,2577.0,2531.11,2553.3,2558.0,down
2017-06-30 00:00:00-04:00,2553.3,2555.0,2503.17,2520.02,2527.0,down
2017-06-30 06:00:00-04:00,2520.99,2564.58,2503.01,2514.71,2532.86,down
2017-06-30 12:00:00-04:00,2514.71,2542.4,2505.02,2525.37,2525.0,up
2017-06-30 18:00:00-04:00,2529.96,2530.1,2451.0,2476.08,2489.41,down
2017-07-01 00:00:00-04:00,2472.0,2497.31,2430.0,2487.74,2452.535,up
2017-07-01 06:00:00-04:00,2489.49,2517.11,2488.0,2495.62,2500.0,up
2017-07-01 12:00:00-04:00,2495.62,2495.62,2413.0,2421.25,2450.0,down
2017-07-01 18:00:00-04:00,2426.1,2439.99,2379.76,2386.62,2415.69,down
2017-07-02 00:00:00-04:00,2386.61,2446.16,2374.34,2409.57,2398.88,up
2017-07-02 06:00:00-04:00,2410.02,2459.99,2409.55,2428.0,2439.77,up
2017-07-02 12:00:00-04:00,2425.06,2490.0,2414.72,2479.15,2468.09,up
2017-07-02 18:00:00-04:00,2479.08,2528.72,2470.0,2490.55,2498.59,up
2017-07-03 00:00:00-04:00,2490.55,2512.47,2476.41,2498.82,2495.03,up
2017-07-03 06:00:00-04:00,2500.0,2539.0,2472.68,2530.23,2492.67,up
2017-07-03 12:00:00-04:00,2529.99,2595.0,2523.01,2532.0,2559.6,up
2017-07-03 18:00:00-04:00,2532.0,2575.0,2530.9,2564.01,2558.0,up
2017-07-04 00:00:00-04:00,2564.01,2632.0,2563.0,2629.99,2610.0,up
2017-07-04 06:00:00-04:00,2628.0,2639.47,2589.0,2607.48,2610.63,down
2017-07-04 12:00:00-04:00,2607.41,2627.17,2558.0,2583.25,2587.99,down
2017-07-04 18:00:00-04:00,2581.59,2601.96,2552.02,2563.72,2578.43,down
2017-07-05 00:00:00-04:00,2561.82,2574.84,2530.1,2547.65,2552.65,down
2017-07-05 06:00:00-04:00,2547.65,2561.3,2530.26,2559.01,2552.005,up
2017-07-05 12:00:00-04:00,2559.02,2605.0,2550.55,2593.54,2573.75,up
2017-07-05 18:00:00-04:00,2593.54,2623.0,2585.74,2604.98,2605.59,up
2017-07-06 00:00:00-04:00,2600.71,2609.0,2570.91,2597.99,2590.88,down
2017-07-06 06:00:00-04:00,2591.05,2614.0,2522.0,2592.16,2586.0,up
2017-07-06 12:00:00-04:00,2590.26,2601.42,2576.99,2588.5,2590.42,down
2017-07-06 18:00:00-04:00,2587.41,2612.0,2585.3,2600.95,2601.48,up
2017-07-07 00:00:00-04:00,2596.52,2600.95,2557.01,2558.03,2575.145,down
2017-07-07 06:00:00-04:00,2558.03,2575.29,2521.0,2530.0,2550.13,down
2017-07-07 12:00:00-04:00,2530.0,2538.79,2486.01,2519.43,2518.6099999999997,down
2017-07-07 18:00:00-04:00,2520.39,2529.99,2475.0,2489.01,2500.0,down
2017-07-08 00:00:00-04:00,2489.24,2518.86,2462.0,2497.39,2491.67,up
2017-07-08 06:00:00-04:00,2497.39,2527.83,2490.06,2518.0,2510.665,up
2017-07-08 12:00:00-04:00,2514.27,2539.53,2507.12,2530.0,2525.31,up
2017-07-08 18:00:00-04:00,2529.78,2558.99,2523.14,2553.65,2545.0,up
2017-07-09 00:00:00-04:00,2550.32,2558.99,2520.7,2545.31,2549.01,down
2017-07-09 06:00:00-04:00,2541.6,2548.09,2515.0,2536.57,2536.605,down
2017-07-09 12:00:00-04:00,2536.56,2564.65,2523.0,2541.37,2543.8,up
2017-07-09 18:00:00-04:00,2541.57,2542.45,2490.66,2492.0,2518.99,down
2017-07-10 00:00:00-04:00,2493.62,2520.96,2493.62,2509.99,2506.74,up
2017-07-10 06:00:00-04:00,2509.97,2527.88,2456.0,2466.67,2500.78,down
2017-07-10 12:00:00-04:00,2468.78,2481.0,2365.11,2406.04,2413.31,down
2017-07-10 18:00:00-04:00,2405.74,2423.0,2261.85,2352.58,2340.0,down
2017-07-11 00:00:00-04:00,2352.0,2360.0,2242.62,2268.95,2322.0,down
2017-07-11 06:00:00-04:00,2267.62,2396.5,2260.03,2396.5,2345.52,up
2017-07-11 12:00:00-04:00,2396.5,2399.0,2330.06,2344.98,2358.9,down
2017-07-11 18:00:00-04:00,2345.0,2359.98,2265.0,2284.91,2324.04,down
2017-07-12 00:00:00-04:00,2281.52,2327.1,2239.54,2320.23,2289.01,up
2017-07-12 06:00:00-04:00,2324.08,2383.07,2303.97,2354.78,2343.39,up
2017-07-12 12:00:00-04:00,2352.02,2408.74,2344.74,2399.0,2384.29,up
2017-07-12 18:00:00-04:00,2399.0,2408.84,2355.54,2385.16,2382.26,down
2017-07-13 00:00:00-04:00,2385.16,2425.16,2374.69,2382.21,2395.0,down
2017-07-13 06:00:00-04:00,2380.56,2403.99,2362.18,2388.99,2386.8,up
2017-07-13 12:00:00-04:00,2385.0,2388.98,2319.25,2338.0,2349.4,down
2017-07-13 18:00:00-04:00,2337.98,2352.07,2312.93,2334.63,2337.9,down
2017-07-14 00:00:00-04:00,2333.83,2350.0,2307.46,2349.9,2321.71,up
2017-07-14 06:00:00-04:00,2349.9,2357.84,2251.04,2274.98,2337.0,down
2017-07-14 12:00:00-04:00,2274.98,2300.0,2179.62,2220.0,2227.42,down
2017-07-14 18:00:00-04:00,2219.79,2226.0,2140.0,2202.33,2183.12,down
2017-07-15 00:00:00-04:00,2200.54,2210.0,2069.0,2093.38,2117.37,down
2017-07-15 06:00:00-04:00,2096.99,2096.99,2005.0,2037.0,2052.94,down
2017-07-15 12:00:00-04:00,2037.0,2105.0,1978.0,2067.99,2035.0,up
2017-07-15 18:00:00-04:00,2068.15,2094.42,1960.0,1962.71,2016.56,down
2017-07-16 00:00:00-04:00,1962.71,2044.44,1947.0,1998.97,1995.18,up
2017-07-16 06:00:00-04:00,1993.21,1999.41,1840.0,1841.02,1917.39,down
2017-07-16 12:00:00-04:00,1840.01,1960.0,1830.0,1917.62,1910.0,up
2017-07-16 18:00:00-04:00,1917.5,1960.09,1850.93,1943.52,1895.0,up
2017-07-17 00:00:00-04:00,1943.53,2030.0,1934.51,2026.39,1974.3,up
2017-07-17 06:00:00-04:00,2026.68,2099.0,1976.17,2004.0,2054.3,down
2017-07-17 12:00:00-04:00,2004.0,2152.0,1999.37,2137.0,2078.8,up
2017-07-17 18:00:00-04:00,2137.0,2229.97,2102.34,2208.0,2176.99,up
2017-07-18 00:00:00-04:00,2206.98,2289.0,2164.0,2259.0,2200.29,up
2017-07-18 06:00:00-04:00,2259.92,2326.27,2219.73,2304.0,2285.0,up
2017-07-18 12:00:00-04:00,2304.0,2374.78,2280.0,2339.03,2331.98,up
2017-07-18 18:00:00-04:00,2340.0,2392.0,2232.5,2263.42,2344.0,down
2017-07-19 00:00:00-04:00,2263.43,2368.47,2240.0,2350.0,2330.0,up
2017-07-19 06:00:00-04:00,2343.44,2402.5,2305.0,2329.0,2366.99,down
2017-07-19 12:00:00-04:00,2328.4,2352.84,2270.0,2286.48,2301.51,down
2017-07-19 18:00:00-04:00,2286.48,2292.07,2223.0,2280.01,2259.59,down
2017-07-20 00:00:00-04:00,2281.0,2359.68,2279.0,2330.99,2328.0,up
2017-07-20 06:00:00-04:00,2325.02,2556.0,2303.2,2520.0,2457.0,up
2017-07-20 12:00:00-04:00,2523.98,2675.0,2515.01,2649.68,2610.0,up
2017-07-20 18:00:00-04:00,2649.97,2938.0,2630.0,2752.95,2759.0150000000003,up
2017-07-21 00:00:00-04:00,2765.96,2826.98,2656.0,2759.46,2745.48,down
2017-07-21 06:00:00-04:00,2767.99,2801.0,2667.0,2795.0,2732.98,up
2017-07-21 12:00:00-04:00,2795.0,2798.0,2627.96,2630.01,2724.3500000000004,down
2017-07-21 18:00:00-04:00,2630.01,2712.87,2611.39,2664.51,2642.96,up
2017-07-22 00:00:00-04:00,2664.51,2759.33,2664.39,2750.17,2723.0950000000003,up
2017-07-22 06:00:00-04:00,2752.18,2882.0,2737.14,2824.0,2815.82,up
2017-07-22 12:00:00-04:00,2824.0,2842.12,2742.25,2781.0,2794.96,down
2017-07-22 18:00:00-04:00,2781.0,2850.61,2779.0,2848.96,2822.36,up
2017-07-23 00:00:00-04:00,2848.98,2855.0,2738.43,2767.35,2802.36,down
2017-07-23 06:00:00-04:00,2769.91,2780.3,2640.0,2724.89,2705.04,down
2017-07-23 12:00:00-04:00,2724.39,2830.0,2720.87,2773.99,2771.1,up
2017-07-23 18:00:00-04:00,2773.75,2800.0,2712.25,2756.46,2761.27,down
2017-07-24 00:00:00-04:00,2756.48,2776.46,2701.0,2720.09,2738.27,down
2017-07-24 06:00:00-04:00,2725.71,2772.64,2706.41,2760.75,2755.73,up
2017-07-24 12:00:00-04:00,2764.96,2800.0,2720.0,2740.0,2764.99,down
2017-07-24 18:00:00-04:00,2739.99,2775.79,2724.54,2764.97,2755.98,up
2017-07-25 00:00:00-04:00,2766.22,2772.89,2650.0,2690.5,2723.44,down
2017-07-25 06:00:00-04:00,2688.02,2710.63,2521.0,2525.48,2606.13,down
2017-07-25 12:00:00-04:00,2534.47,2603.89,2486.0,2494.99,2547.96,down
2017-07-25 18:00:00-04:00,2495.0,2608.96,2450.0,2585.75,2519.98,up
2017-07-26 00:00:00-04:00,2585.98,2589.94,2422.22,2447.97,2495.0,down
2017-07-26 06:00:00-04:00,2447.96,2554.87,2443.37,2522.0,2508.84,up
2017-07-26 12:00:00-04:00,2523.76,2525.42,2400.0,2471.43,2474.995,down
2017-07-26 18:00:00-04:00,2471.0,2545.0,2443.7,2535.21,2493.3,up
2017-07-27 00:00:00-04:00,2535.11,2578.31,2515.0,2560.25,2549.68,up
2017-07-27 06:00:00-04:00,2560.55,2600.0,2528.34,2569.84,2571.14,up
2017-07-27 12:00:00-04:00,2568.46,2585.49,2526.11,2560.34,2563.0,down
2017-07-27 18:00:00-04:00,2560.4,2731.72,2542.46,2706.19,2646.0,up
2017-07-28 00:00:00-04:00,2712.84,2714.48,2655.82,2682.0,2681.44,down
2017-07-28 06:00:00-04:00,2683.0,2825.0,2673.0,2786.38,2763.0,up
2017-07-28 12:00:00-04:00,2786.38,2800.0,2712.0,2765.0,2761.65,down
2017-07-28 18:00:00-04:00,2765.03,2800.0,2725.38,2770.36,2761.63,up
2017-07-29 00:00:00-04:00,2773.46,2775.0,2667.72,2750.69,2730.8,down
2017-07-29 06:00:00-04:00,2750.83,2763.48,2659.95,2692.92,2702.01,down
2017-07-29 12:00:00-04:00,2692.92,2739.98,2657.39,2739.1,2707.73,up
2017-07-29 18:00:00-04:00,2739.1,2746.79,2631.78,2657.92,2695.83,down
2017-07-30 00:00:00-04:00,2657.91,2680.77,2569.69,2611.98,2630.2,down
2017-07-30 06:00:00-04:00,2611.55,2672.98,2584.84,2666.45,2631.53,up
2017-07-30 12:00:00-04:00,2656.0,2774.45,2644.47,2758.86,2711.99,up
2017-07-30 18:00:00-04:00,2756.04,2758.49,2700.0,2710.0,2727.6800000000003,down
2017-07-31 00:00:00-04:00,2721.22,2728.0,2690.01,2725.9,2709.99,up
2017-07-31 06:00:00-04:00,2723.77,2792.23,2680.01,2792.23,2725.0,up
2017-07-31 12:00:00-04:00,2791.06,2798.46,2725.0,2791.7,2770.1,up
2017-07-31 18:00:00-04:00,2790.55,2889.99,2773.0,2825.92,2842.4,up
2017-08-01 00:00:00-04:00,2823.01,2929.17,2821.01,2878.99,2873.46,up
2017-08-01 06:00:00-04:00,2876.88,2880.0,2615.0,2747.68,2730.0600000000004,down
2017-08-01 12:00:00-04:00,2754.0,2764.84,2650.0,2732.0,2702.01,down
2017-08-01 18:00:00-04:00,2732.0,2779.53,2685.0,2698.43,2732.02,down
2017-08-02 00:00:00-04:00,2693.0,2759.0,2693.0,2731.98,2735.34,up
2017-08-02 06:00:00-04:00,2731.96,2760.0,2700.71,2739.08,2727.0,up
2017-08-02 12:00:00-04:00,2733.43,2737.99,2670.0,2710.09,2700.0150000000003,down
2017-08-02 18:00:00-04:00,2710.11,2725.0,2650.0,2716.41,2686.795,up
2017-08-03 00:00:00-04:00,2711.32,2720.1,2698.83,2714.85,2712.84,up
2017-08-03 06:00:00-04:00,2712.84,2747.93,2712.44,2735.56,2735.99,up
2017-08-03 12:00:00-04:00,2735.0,2770.03,2730.38,2770.03,2755.9700000000003,up
2017-08-03 18:00:00-04:00,2769.9,2807.44,2769.9,2795.53,2790.0,up
2017-08-04 00:00:00-04:00,2794.02,2800.0,2765.91,2780.19,2782.73,down
2017-08-04 06:00:00-04:00,2780.28,2875.0,2775.82,2833.03,2844.04,up
2017-08-04 12:00:00-04:00,2833.0,2877.52,2829.48,2831.24,2853.99,down
2017-08-04 18:00:00-04:00,2839.55,2867.9,2825.0,2866.14,2840.34,up
2017-08-05 00:00:00-04:00,2855.24,3215.66,2855.24,3162.04,3100.0,up
2017-08-05 06:00:00-04:00,3167.48,3230.0,3111.46,3150.0,3171.0,down
2017-08-05 12:00:00-04:00,3147.0,3339.66,3143.92,3291.95,3257.0,up
2017-08-05 18:00:00-04:00,3291.74,3294.99,3165.0,3275.41,3244.06,down
2017-08-06 00:00:00-04:00,3275.4,3296.51,3185.02,3216.78,3226.0,down
2017-08-06 06:00:00-04:00,3218.18,3233.21,3146.1,3210.0,3194.18,down
2017-08-06 12:00:00-04:00,3210.0,3294.35,3200.5,3265.18,3256.0150000000003,up
2017-08-06 18:00:00-04:00,3265.18,3291.88,3199.65,3199.65,3249.97,down
2017-08-07 00:00:00-04:00,3200.0,3256.0,3186.0,3253.0,3230.1,up
2017-08-07 06:00:00-04:00,3252.96,3430.0,3230.0,3410.09,3335.16,up
2017-08-07 12:00:00-04:00,3410.13,3415.0,3328.0,3328.02,3369.99,down
2017-08-07 18:00:00-04:00,3328.01,3397.25,3325.0,3358.78,3359.07,up
2017-08-08 00:00:00-04:00,3354.79,3478.65,3354.79,3442.0,3426.99,up
2017-08-08 06:00:00-04:00,3441.51,3490.0,3410.01,3440.0,3444.99,down
2017-08-08 12:00:00-04:00,3440.0,3447.11,3300.0,3392.5,3376.01,down
2017-08-08 18:00:00-04:00,3392.99,3463.31,3362.42,3364.66,3424.68,down
2017-08-09 00:00:00-04:00,3364.0,3400.0,3333.36,3399.93,3374.36,up
2017-08-09 06:00:00-04:00,3398.76,3415.0,3178.72,3314.49,3309.74,down
2017-08-09 12:00:00-04:00,3310.55,3320.0,3240.01,3314.78,3289.73,up
2017-08-09 18:00:00-04:00,3314.77,3370.0,3293.01,3336.09,3337.14,up
2017-08-10 00:00:00-04:00,3334.49,3373.71,3311.17,3362.49,3344.0,up
2017-08-10 06:00:00-04:00,3362.99,3430.0,3356.64,3393.4,3394.995,up
2017-08-10 12:00:00-04:00,3393.4,3448.0,3389.0,3410.79,3422.9,up
2017-08-10 18:00:00-04:00,3409.36,3439.88,3385.0,3409.35,3415.89,down
2017-08-11 00:00:00-04:00,3409.34,3490.86,3390.67,3464.39,3429.97,up
2017-08-11 06:00:00-04:00,3464.39,3535.0,3458.02,3535.0,3486.62,up
2017-08-11 12:00:00-04:00,3535.0,3550.0,3511.0,3541.11,3535.11,up
2017-08-11 18:00:00-04:00,3541.11,3705.0,3528.0,3630.0,3606.91,up
2017-08-12 00:00:00-04:00,3630.0,3788.0,3586.95,3748.49,3699.09,up
2017-08-12 06:00:00-04:00,3748.49,3818.0,3695.17,3733.0,3747.61,down
2017-08-12 12:00:00-04:00,3733.7,3934.0,3722.04,3856.0,3833.95,up
2017-08-12 18:00:00-04:00,3862.33,3925.7,3725.37,3924.43,3821.02,up
2017-08-13 00:00:00-04:00,3924.0,4122.52,3918.34,4120.0,3999.97,up
2017-08-13 06:00:00-04:00,4122.51,4190.0,3841.71,3873.0,4040.0,down
2017-08-13 12:00:00-04:00,3872.71,4085.1,3841.71,4045.0,4003.955,up
2017-08-13 18:00:00-04:00,4037.77,4112.97,3935.0,4067.48,4052.25,up
2017-08-14 00:00:00-04:00,4055.52,4085.1,3964.96,4078.18,4038.16,up
2017-08-14 06:00:00-04:00,4074.14,4228.0,4047.9,4194.88,4160.0,up
2017-08-14 12:00:00-04:00,4194.88,4328.0,4175.15,4284.89,4265.0,up
2017-08-14 18:00:00-04:00,4283.28,4359.78,4194.7,4352.87,4260.0,up
2017-08-15 00:00:00-04:00,4340.56,4400.0,4173.99,4227.36,4359.9,down
2017-08-15 06:00:00-04:00,4232.43,4325.05,3925.7,4057.21,4099.99,down
2017-08-15 12:00:00-04:00,4069.0,4156.0,3800.0,4068.75,3976.65,down
2017-08-15 18:00:00-04:00,4073.53,4198.55,3979.0,4142.12,4121.0,up
2017-08-16 00:00:00-04:00,4139.47,4156.77,3926.06,4042.99,4043.0,down
2017-08-16 06:00:00-04:00,4042.99,4165.0,4020.0,4105.97,4085.56,up
2017-08-16 12:00:00-04:00,4108.84,4364.0,4074.87,4308.59,4270.27,up
2017-08-16 18:00:00-04:00,4305.0,4385.0,4280.0,4347.97,4326.36,up
2017-08-17 00:00:00-04:00,4347.98,4375.19,4208.88,4314.08,4302.99,down
2017-08-17 06:00:00-04:00,4299.97,4480.0,4277.82,4430.0,4422.0,up
2017-08-17 12:00:00-04:00,4426.49,4470.0,4205.5,4241.38,4315.02,down
2017-08-17 18:00:00-04:00,4241.26,4350.0,4167.21,4245.01,4294.96,up
2017-08-18 00:00:00-04:00,4252.03,4325.0,4179.0,4287.89,4265.01,up
2017-08-18 06:00:00-04:00,4280.79,4368.0,4241.0,4301.72,4304.995,up
2017-08-18 12:00:00-04:00,4301.71,4310.12,4087.98,4087.98,4225.99,down
2017-08-18 18:00:00-04:00,4087.98,4167.21,3964.96,4159.98,4063.02,up
2017-08-19 00:00:00-04:00,4159.99,4188.0,3958.0,3970.26,4106.5599999999995,down
2017-08-19 06:00:00-04:00,3960.0,4125.95,3924.64,4100.0,4005.31,up
2017-08-19 12:00:00-04:00,4093.38,4105.0,3900.0,4046.33,3999.97,down
2017-08-19 18:00:00-04:00,4046.24,4130.0,4016.01,4050.0,4075.99,up
2017-08-20 00:00:00-04:00,4050.0,4085.07,4000.0,4059.99,4039.92,up
2017-08-20 06:00:00-04:00,4049.92,4125.95,4004.5,4063.0,4075.0,up
2017-08-20 12:00:00-04:00,4063.0,4084.97,4000.0,4075.81,4039.16,up
2017-08-20 18:00:00-04:00,4084.97,4125.95,4026.0,4075.4,4082.0,down
2017-08-21 00:00:00-04:00,4075.4,4078.71,3949.78,3999.84,4006.69,down
2017-08-21 06:00:00-04:00,3982.14,4080.0,3980.01,4029.05,4039.49,up
2017-08-21 12:00:00-04:00,4031.01,4047.15,3962.21,4000.06,3999.58,down
2017-08-21 18:00:00-04:00,4000.06,4042.05,3846.78,3879.54,3990.59,down
2017-08-22 00:00:00-04:00,3883.93,3903.37,3600.0,3799.79,3790.0,down
2017-08-22 06:00:00-04:00,3799.77,3982.02,3750.69,3970.0,3867.0,up
2017-08-22 12:00:00-04:00,3969.99,4136.15,3868.05,4110.1,3969.995,up
2017-08-22 18:00:00-04:00,4113.79,4139.31,4011.09,4062.82,4080.5,down
2017-08-23 00:00:00-04:00,4063.0,4139.97,4055.0,4104.0,4091.105,up
2017-08-23 06:00:00-04:00,4104.0,4248.97,4076.67,4205.0,4204.47,up
2017-08-23 12:00:00-04:00,4205.0,4233.83,4123.5,4164.84,4189.89,down
2017-08-23 18:00:00-04:00,4164.8,4164.84,4062.26,4114.57,4107.46,down
2017-08-24 00:00:00-04:00,4103.02,4178.32,4082.57,4116.0,4124.68,up
2017-08-24 06:00:00-04:00,4130.15,4192.23,4116.02,4164.84,4160.78,up
2017-08-24 12:00:00-04:00,4164.83,4246.41,4150.02,4210.0,4210.89,up
2017-08-24 18:00:00-04:00,4210.0,4373.84,4199.53,4360.44,4265.0,up
2017-08-25 00:00:00-04:00,4362.67,4370.95,4291.36,4326.32,4327.99,down
2017-08-25 06:00:00-04:00,4326.51,4373.98,4320.01,4347.93,4348.79,up
2017-08-25 12:00:00-04:00,4349.08,4449.98,4329.0,4433.88,4417.83,up
2017-08-25 18:00:00-04:00,4432.19,4437.35,4270.0,4357.99,4340.23,down
2017-08-26 00:00:00-04:00,4358.0,4365.5,4252.77,4315.33,4305.155,down
2017-08-26 06:00:00-04:00,4320.0,4343.11,4232.43,4275.0,4304.885,down
2017-08-26 12:00:00-04:00,4270.42,4320.99,4258.3,4320.0,4283.99,up
2017-08-26 18:00:00-04:00,4320.99,4349.99,4301.04,4339.99,4335.0,up
2017-08-27 00:00:00-04:00,4331.67,4393.3,4301.94,4349.66,4347.4,up
2017-08-27 06:00:00-04:00,4349.67,4358.88,4290.32,4316.87,4329.35,down
2017-08-27 12:00:00-04:00,4312.09,4358.81,4302.13,4354.46,4342.65,up
2017-08-27 18:00:00-04:00,4354.26,4365.96,4290.32,4293.72,4340.0,down
2017-08-28 00:00:00-04:00,4293.39,4312.83,4169.01,4238.96,4240.28,down
2017-08-28 06:00:00-04:00,4240.0,4326.0,4235.84,4295.0,4285.16,up
2017-08-28 12:00:00-04:00,4304.31,4350.0,4275.0,4334.9,4314.0,up
2017-08-28 18:00:00-04:00,4334.9,4399.72,4328.01,4372.99,4366.0,up
2017-08-29 00:00:00-04:00,4365.81,4399.72,4353.21,4361.94,4369.63,down
2017-08-29 06:00:00-04:00,4363.99,4437.57,4336.26,4437.57,4364.2,up
2017-08-29 12:00:00-04:00,4437.57,4649.78,4421.72,4569.97,4565.2,up
2017-08-29 18:00:00-04:00,4569.98,4638.25,4560.0,4589.01,4597.615,up
2017-08-30 00:00:00-04:00,4597.0,4642.22,4588.01,4608.23,4614.025,up
2017-08-30 06:00:00-04:00,4618.74,4618.74,4479.0,4564.99,4543.92,down
2017-08-30 12:00:00-04:00,4565.0,4589.0,4543.92,4576.85,4566.65,up
2017-08-30 18:00:00-04:00,4576.85,4601.0,4532.58,4597.99,4571.65,up
2017-08-31 00:00:00-04:00,4594.38,4628.28,4589.53,4599.49,4610.28,up
2017-08-31 06:00:00-04:00,4599.49,4698.43,4594.06,4698.27,4644.0,up
2017-08-31 12:00:00-04:00,4690.35,4759.8,4680.0,4755.39,4725.0,up
2017-08-31 18:00:00-04:00,4755.39,4765.21,4700.0,4763.99,4734.785,up
2017-09-01 00:00:00-04:00,4764.0,4777.76,4671.09,4729.12,4721.99,down
2017-09-01 06:00:00-04:00,4729.12,4849.0,4717.33,4839.33,4791.7,up
2017-09-01 12:00:00-04:00,4844.99,4870.0,4778.12,4819.04,4831.56,down
2017-09-01 18:00:00-04:00,4829.8,4935.0,4818.38,4920.0,4880.1,up
2017-09-02 00:00:00-04:00,4924.99,4979.9,4590.0,4722.01,4822.25,down
2017-09-02 06:00:00-04:00,4729.13,4799.12,4561.09,4637.63,4693.45,down
2017-09-02 12:00:00-04:00,4638.11,4661.59,4488.5,4591.23,4581.07,down
2017-09-02 18:00:00-04:00,4587.71,4660.0,4491.02,4638.38,4544.37,up
2017-09-03 00:00:00-04:00,4638.38,4700.0,4603.24,4635.51,4657.02,down
2017-09-03 06:00:00-04:00,4637.0,4683.0,4515.27,4579.99,4588.99,down
2017-09-03 12:00:00-04:00,4579.99,4582.0,4385.0,4499.97,4469.025,down
2017-09-03 18:00:00-04:00,4499.99,4624.72,4470.24,4549.85,4550.0,up
2017-09-04 00:00:00-04:00,4550.41,4560.86,4466.05,4510.82,4525.0,down
2017-09-04 06:00:00-04:00,4510.0,4526.78,4227.63,4300.93,4336.59,down
2017-09-04 12:00:00-04:00,4300.95,4375.0,4058.5,4208.49,4221.45,down
2017-09-04 18:00:00-04:00,4212.87,4410.97,4167.21,4180.49,4268.43,down
2017-09-05 00:00:00-04:00,4176.12,4190.91,4001.93,4101.0,4081.59,down
2017-09-05 06:00:00-04:00,4089.14,4377.83,4085.0,4261.28,4227.59,up
2017-09-05 12:00:00-04:00,4266.82,4414.03,4215.12,4395.3,4305.58,up
2017-09-05 18:00:00-04:00,4397.28,4474.88,4359.56,4451.16,4411.52,up
2017-09-06 00:00:00-04:00,4451.15,4498.84,4356.42,4407.14,4448.0,down
2017-09-06 06:00:00-04:00,4419.15,4594.0,4405.54,4522.08,4527.61,up
2017-09-06 12:00:00-04:00,4533.82,4649.23,4495.0,4591.88,4594.56,up
2017-09-06 18:00:00-04:00,4599.0,4623.14,4521.0,4539.97,4580.0,down
2017-09-07 00:00:00-04:00,4539.95,4576.0,4480.0,4515.49,4521.5,down
2017-09-07 06:00:00-04:00,4516.5,4649.0,4475.0,4644.0,4590.76,up
2017-09-07 12:00:00-04:00,4644.99,4674.34,4580.0,4600.0,4640.0,down
2017-09-07 18:00:00-04:00,4600.0,4630.0,4564.41,4598.78,4601.71,down
2017-09-08 00:00:00-04:00,4598.78,4641.84,4565.55,4641.84,4601.25,up
2017-09-08 06:00:00-04:00,4641.91,4679.97,4611.0,4637.0,4641.02,down
2017-09-08 12:00:00-04:00,4637.37,4637.73,4227.64,4307.02,4368.0,down
2017-09-08 18:00:00-04:00,4307.02,4337.0,4125.99,4286.29,4223.45,down
2017-09-09 00:00:00-04:00,4281.69,4377.0,4164.0,4343.87,4266.07,up
2017-09-09 06:00:00-04:00,4343.8,4379.78,4272.4,4347.5,4336.92,up
2017-09-09 12:00:00-04:00,4347.5,4353.06,4188.0,4190.61,4280.11,down
2017-09-09 18:00:00-04:00,4190.61,4334.38,4176.0,4285.74,4284.64,up
2017-09-10 00:00:00-04:00,4290.46,4291.27,4010.0,4023.01,4133.0,down
2017-09-10 06:00:00-04:00,4023.0,4144.1,4010.0,4092.0,4084.89,up
2017-09-10 12:00:00-04:00,4104.22,4312.82,4092.0,4280.42,4161.889999999999,up
2017-09-10 18:00:00-04:00,4280.0,4297.33,4185.67,4201.0,4250.01,down
2017-09-11 00:00:00-04:00,4204.53,4353.49,4092.4,4169.15,4213.0650000000005,down
2017-09-11 06:00:00-04:00,4168.59,4206.59,4105.0,4194.98,4174.75,up
2017-09-11 12:00:00-04:00,4194.84,4291.36,4172.68,4222.0,4242.38,up
2017-09-11 18:00:00-04:00,4222.0,4246.97,4170.99,4226.32,4201.05,up
2017-09-12 00:00:00-04:00,4239.36,4356.02,4212.67,4352.09,4286.0,up
2017-09-12 06:00:00-04:00,4355.62,4377.65,4264.02,4299.98,4324.12,down
2017-09-12 12:00:00-04:00,4299.98,4299.99,4080.0,4115.07,4237.5,down
2017-09-12 18:00:00-04:00,4122.11,4204.99,4090.3,4138.26,4157.64,up
2017-09-13 00:00:00-04:00,4142.25,4144.12,3906.66,4025.01,4000.0,down
2017-09-13 06:00:00-04:00,4033.98,4044.94,3800.0,3880.0,3898.995,down
2017-09-13 12:00:00-04:00,3880.0,3960.0,3720.01,3895.0,3848.35,up
2017-09-13 18:00:00-04:00,3898.67,3949.99,3830.0,3914.98,3886.82,up
2017-09-14 00:00:00-04:00,3915.84,3919.0,3752.0,3830.31,3815.9399999999996,down
2017-09-14 06:00:00-04:00,3833.39,3899.82,3481.57,3481.57,3684.0,down
2017-09-14 12:00:00-04:00,3483.86,3616.33,3251.29,3423.64,3466.3999999999996,down
2017-09-14 18:00:00-04:00,3425.33,3491.08,3210.0,3334.98,3323.69,down
2017-09-15 00:00:00-04:00,3336.33,3449.37,3100.25,3113.28,3346.77,down
2017-09-15 06:00:00-04:00,3119.91,3400.0,2972.01,3345.01,3087.54,up
2017-09-15 12:00:00-04:00,3343.58,3759.0,3217.29,3611.99,3574.86,up
2017-09-15 18:00:00-04:00,3609.46,3820.0,3609.46,3725.48,3716.0,up
2017-09-16 00:00:00-04:00,3746.69,3872.9,3716.45,3792.91,3778.04,up
2017-09-16 06:00:00-04:00,3788.0,3845.0,3541.84,3553.89,3641.0,down
2017-09-16 12:00:00-04:00,3553.89,3712.52,3500.0,3693.17,3597.25,up
2017-09-16 18:00:00-04:00,3695.82,3727.0,3625.32,3640.0,3681.06,down
2017-09-17 00:00:00-04:00,3640.0,3661.57,3529.0,3547.94,3609.03,down
2017-09-17 06:00:00-04:00,3543.16,3623.63,3463.0,3583.0,3553.0,up
2017-09-17 12:00:00-04:00,3583.0,3772.52,3564.97,3706.14,3682.215,up
2017-09-17 18:00:00-04:00,3706.02,3750.77,3646.39,3736.0,3705.07,up
2017-09-18 00:00:00-04:00,3737.61,3913.8,3717.14,3905.01,3789.19,up
2017-09-18 06:00:00-04:00,3912.0,4084.0,3884.54,4048.97,3954.26,up
2017-09-18 12:00:00-04:00,4049.0,4100.0,3938.0,4025.0,4025.48,down
2017-09-18 18:00:00-04:00,4025.0,4122.7,3982.03,4022.54,4063.3199999999997,down
2017-09-19 00:00:00-04:00,4022.52,4042.05,3848.35,3959.21,3948.69,down
2017-09-19 06:00:00-04:00,3959.98,4035.04,3879.0,4012.0,3965.37,up
2017-09-19 12:00:00-04:00,4011.97,4042.05,3951.14,3979.87,3993.89,down
2017-09-19 18:00:00-04:00,3979.87,3979.9,3860.0,3908.0,3905.01,down
2017-09-20 00:00:00-04:00,3908.61,3962.21,3820.56,3956.66,3881.85,up
2017-09-20 06:00:00-04:00,3942.32,3971.49,3875.52,3923.99,3926.925,down
2017-09-20 12:00:00-04:00,3934.98,4050.0,3920.0,3990.83,4000.81,up
2017-09-20 18:00:00-04:00,3990.82,3999.94,3810.25,3838.19,3926.15,down
2017-09-21 00:00:00-04:00,3850.4,3886.83,3803.42,3872.56,3856.57,up
2017-09-21 06:00:00-04:00,3868.99,3914.0,3829.27,3853.19,3870.325,down
2017-09-21 12:00:00-04:00,3853.19,3876.7,3639.0,3689.49,3710.0,down
2017-09-21 18:00:00-04:00,3689.48,3705.88,3573.0,3659.63,3636.36,down
2017-09-22 00:00:00-04:00,3659.87,3761.84,3625.32,3747.11,3698.19,up
2017-09-22 06:00:00-04:00,3756.0,3756.0,3531.38,3608.07,3607.0,down
2017-09-22 12:00:00-04:00,3609.98,3625.32,3514.0,3559.0,3562.0,down
2017-09-22 18:00:00-04:00,3558.99,3642.0,3555.42,3606.2,3604.97,up
2017-09-23 00:00:00-04:00,3603.01,3717.0,3552.0,3694.97,3675.005,up
2017-09-23 06:00:00-04:00,3694.96,3810.25,3682.44,3770.0,3760.26,up
2017-09-23 12:00:00-04:00,3771.89,3788.12,3698.19,3744.0,3747.1,down
2017-09-23 18:00:00-04:00,3742.65,3783.25,3718.43,3745.0,3754.04,up
2017-09-24 00:00:00-04:00,3745.19,3776.73,3630.0,3637.52,3745.565,down
2017-09-24 06:00:00-04:00,3631.49,3698.19,3615.0,3690.02,3671.175,up
2017-09-24 12:00:00-04:00,3690.02,3735.17,3630.0,3668.29,3698.11,down
2017-09-24 18:00:00-04:00,3668.29,3694.99,3650.02,3674.33,3673.1,up
2017-09-25 00:00:00-04:00,3679.48,3811.58,3668.97,3765.0,3770.0,up
2017-09-25 06:00:00-04:00,3764.97,3784.7,3740.0,3774.64,3762.41,up
2017-09-25 12:00:00-04:00,3774.82,3968.59,3762.21,3898.25,3910.0,up
2017-09-25 18:00:00-04:00,3898.25,3962.21,3895.5,3917.46,3928.3050000000003,up
2017-09-26 00:00:00-04:00,3922.4,3937.75,3850.61,3893.77,3903.0,down
2017-09-26 06:00:00-04:00,3893.75,3970.0,3878.5,3953.38,3927.0,up
2017-09-26 12:00:00-04:00,3948.92,3953.96,3880.0,3909.17,3917.33,down
2017-09-26 18:00:00-04:00,3908.85,3922.89,3870.0,3903.37,3909.31,down
2017-09-27 00:00:00-04:00,3903.37,3953.7,3885.5,3933.96,3929.19,up
2017-09-27 06:00:00-04:00,3933.95,4100.0,3923.5,4065.66,4040.0,up
2017-09-27 12:00:00-04:00,4074.86,4180.0,4042.05,4173.77,4090.0,up
2017-09-27 18:00:00-04:00,4173.77,4226.73,4144.12,4166.68,4181.0,down
2017-09-28 00:00:00-04:00,4171.14,4248.76,4149.0,4231.97,4200.78,up
2017-09-28 06:00:00-04:00,4234.97,4270.01,4153.79,4201.01,4207.28,down
2017-09-28 12:00:00-04:00,4200.46,4216.54,4123.5,4144.12,4155.62,down
2017-09-28 18:00:00-04:00,4145.47,4202.99,4132.19,4180.34,4173.0,up
2017-09-29 00:00:00-04:00,4190.46,4197.91,4022.02,4050.87,4071.245,down
2017-09-29 06:00:00-04:00,4050.42,4224.89,4045.29,4207.51,4123.79,up
2017-09-29 12:00:00-04:00,4207.52,4227.62,4144.12,4164.99,4185.875,down
2017-09-29 18:00:00-04:00,4164.99,4206.59,4132.01,4176.08,4171.79,up
2017-09-30 00:00:00-04:00,4170.84,4280.0,4170.84,4270.0,4210.34,up
2017-09-30 06:00:00-04:00,4269.25,4292.36,4245.0,4271.0,4270.02,up
2017-09-30 12:00:00-04:00,4270.0,4347.2,4262.77,4334.38,4311.715,up
2017-09-30 18:00:00-04:00,4334.1,4349.0,4304.64,4324.29,4325.92,down
2017-10-01 00:00:00-04:00,4324.29,4332.81,4255.0,4295.0,4292.74,down
2017-10-01 06:00:00-04:00,4295.0,4316.22,4216.0,4246.87,4280.0,down
2017-10-01 12:00:00-04:00,4245.01,4289.95,4216.01,4285.05,4253.075000000001,up
2017-10-01 18:00:00-04:00,4284.96,4419.0,4278.02,4417.99,4355.0,up
2017-10-02 00:00:00-04:00,4414.86,4418.0,4356.05,4405.1,4387.99,down
2017-10-02 06:00:00-04:00,4408.0,4453.0,4352.0,4380.0,4412.01,down
2017-10-02 12:00:00-04:00,4378.0,4429.94,4356.48,4373.81,4396.93,down
2017-10-02 18:00:00-04:00,4365.04,4420.0,4352.0,4377.95,4382.465,up
2017-10-03 00:00:00-04:00,4377.93,4425.0,4270.01,4293.45,4341.34,down
2017-10-03 06:00:00-04:00,4286.15,4336.61,4245.0,4245.0,4293.98,down
2017-10-03 12:00:00-04:00,4244.02,4307.0,4218.0,4291.4,4271.39,up
2017-10-03 18:00:00-04:00,4295.0,4320.0,4251.01,4299.97,4283.4,up
2017-10-04 00:00:00-04:00,4298.3,4343.0,4287.04,4325.18,4309.94,up
2017-10-04 06:00:00-04:00,4325.2,4342.0,4170.07,4191.8,4227.995,down
2017-10-04 12:00:00-04:00,4190.76,4227.49,4176.83,4197.32,4204.0,up
2017-10-04 18:00:00-04:00,4197.15,4233.0,4181.0,4218.87,4214.63,up
2017-10-05 00:00:00-04:00,4218.88,4239.98,4137.96,4151.12,4163.0,down
2017-10-05 06:00:00-04:00,4156.57,4326.0,4138.7,4315.74,4234.26,up
2017-10-05 12:00:00-04:00,4315.74,4338.45,4287.0,4329.6,4309.0,up
2017-10-05 18:00:00-04:00,4322.24,4358.97,4278.4,4317.0,4334.1,down
2017-10-06 00:00:00-04:00,4324.99,4417.0,4305.05,4400.77,4354.575,up
2017-10-06 06:00:00-04:00,4400.71,4425.0,4382.0,4385.69,4402.08,down
2017-10-06 12:00:00-04:00,4385.68,4393.05,4312.82,4334.0,4364.3,down
2017-10-06 18:00:00-04:00,4334.0,4383.95,4298.01,4375.12,4341.245,up
2017-10-07 00:00:00-04:00,4373.58,4377.77,4334.38,4339.15,4361.3,down
2017-10-07 06:00:00-04:00,4341.01,4348.99,4312.82,4342.11,4330.0,up
2017-10-07 12:00:00-04:00,4342.11,4360.0,4317.66,4346.98,4343.27,up
2017-10-07 18:00:00-04:00,4345.16,4463.0,4327.41,4433.99,4429.0,up
2017-10-08 00:00:00-04:00,4434.1,4462.32,4404.5,4452.63,4434.030000000001,up
2017-10-08 06:00:00-04:00,4456.12,4478.35,4424.85,4460.0,4454.93,up
2017-10-08 12:00:00-04:00,4460.0,4578.35,4457.51,4534.27,4534.75,up
2017-10-08 18:00:00-04:00,4534.27,4612.0,4527.06,4575.61,4589.91,up
2017-10-09 00:00:00-04:00,4580.0,4624.72,4546.1,4549.99,4601.42,down
2017-10-09 06:00:00-04:00,4549.99,4612.0,4541.0,4584.05,4573.99,up
2017-10-09 12:00:00-04:00,4579.67,4741.5,4552.85,4734.39,4648.0,up
2017-10-09 18:00:00-04:00,4740.97,4865.0,4733.06,4832.56,4800.0,up
2017-10-10 00:00:00-04:00,4837.05,4844.24,4770.0,4838.96,4809.355,up
2017-10-10 06:00:00-04:00,4838.95,4847.0,4750.0,4821.32,4795.11,down
2017-10-10 12:00:00-04:00,4821.32,4909.97,4780.0,4848.2,4825.0,up
2017-10-10 18:00:00-04:00,4854.76,4885.54,4700.0,4722.77,4769.344999999999,down
2017-10-11 00:00:00-04:00,4714.75,4773.3,4706.05,4750.95,4738.96,up
2017-10-11 06:00:00-04:00,4750.95,4826.83,4742.26,4754.86,4788.93,up
2017-10-11 12:00:00-04:00,4754.99,4861.23,4741.5,4837.04,4828.035,up
2017-10-11 18:00:00-04:00,4837.04,4869.78,4789.04,4837.04,4833.08,up
2017-10-12 00:00:00-04:00,4836.66,4899.99,4812.98,4898.0,4848.43,up
2017-10-12 06:00:00-04:00,4898.0,5240.0,4889.58,5211.53,5127.78,up
2017-10-12 12:00:00-04:00,5200.04,5388.0,5188.0,5311.21,5268.33,up
2017-10-12 18:00:00-04:00,5311.2,5480.0,5265.08,5405.0,5356.0,up
2017-10-13 00:00:00-04:00,5405.0,5846.43,5380.0,5508.34,5590.24,up
2017-10-13 06:00:00-04:00,5508.34,5712.0,5479.4,5553.08,5614.925,up
2017-10-13 12:00:00-04:00,5567.67,5799.0,5553.19,5659.57,5700.7,up
2017-10-13 18:00:00-04:00,5659.54,5666.97,5479.48,5594.19,5577.07,down
2017-10-14 00:00:00-04:00,5589.82,5697.94,5558.26,5600.99,5621.11,up
2017-10-14 06:00:00-04:00,5600.96,5722.88,5560.74,5655.03,5633.76,up
2017-10-14 12:00:00-04:00,5663.2,5767.14,5636.01,5696.26,5717.25,up
2017-10-14 18:00:00-04:00,5680.2,5827.76,5651.0,5777.67,5730.95,up
2017-10-15 00:00:00-04:00,5778.0,5830.0,5720.01,5748.99,5774.469999999999,down
2017-10-15 06:00:00-04:00,5748.99,5780.08,5415.0,5468.18,5531.42,down
2017-10-15 12:00:00-04:00,5462.01,5570.0,5452.12,5510.88,5516.44,up
2017-10-15 18:00:00-04:00,5510.86,5730.95,5455.65,5690.75,5625.655000000001,up
2017-10-16 00:00:00-04:00,5697.57,5702.43,5589.8,5656.15,5648.31,down
2017-10-16 06:00:00-04:00,5658.8,5747.97,5548.0,5710.0,5643.35,up
2017-10-16 12:00:00-04:00,5716.0,5716.0,5635.0,5694.97,5683.775,down
2017-10-16 18:00:00-04:00,5694.99,5807.11,5667.84,5751.37,5713.0,up
2017-10-17 00:00:00-04:00,5748.42,5761.57,5580.0,5660.2,5635.6,down
2017-10-17 06:00:00-04:00,5661.92,5696.0,5506.78,5549.42,5564.98,down
2017-10-17 12:00:00-04:00,5552.8,5637.91,5546.99,5599.99,5589.77,up
2017-10-17 18:00:00-04:00,5599.99,5639.9,5483.0,5511.0,5582.82,down
2017-10-18 00:00:00-04:00,5511.55,5540.0,5320.0,5320.0,5466.43,down
2017-10-18 06:00:00-04:00,5332.36,5398.01,5238.87,5289.98,5310.0,down
2017-10-18 12:00:00-04:00,5289.99,5446.39,5101.36,5404.0,5279.93,up
2017-10-18 18:00:00-04:00,5405.74,5617.75,5377.55,5544.48,5515.33,up
2017-10-19 00:00:00-04:00,5544.5,5670.0,5527.98,5561.99,5620.04,up
2017-10-19 06:00:00-04:00,5561.99,5730.95,5546.03,5651.87,5664.775,up
2017-10-19 12:00:00-04:00,5657.5,5735.0,5610.36,5658.9,5686.95,up
2017-10-19 18:00:00-04:00,5658.9,5735.14,5617.75,5719.98,5700.0,up
2017-10-20 00:00:00-04:00,5711.41,5719.97,5589.8,5610.0,5674.06,down
2017-10-20 06:00:00-04:00,5610.0,5673.72,5606.0,5652.0,5644.53,up
2017-10-20 12:00:00-04:00,5652.0,6000.1,5641.01,5965.32,5943.5,up
2017-10-20 18:00:00-04:00,5962.26,6074.0,5924.14,5961.78,5981.13,down
2017-10-21 00:00:00-04:00,5961.78,6145.42,5949.0,6072.99,6069.9,up
2017-10-21 06:00:00-04:00,6073.0,6141.78,6039.18,6090.01,6094.82,up
2017-10-21 12:00:00-04:00,6092.56,6180.0,5871.0,6056.96,6049.995,down
2017-10-21 18:00:00-04:00,6057.04,6120.0,5977.0,6054.98,6059.0,down
2017-10-22 00:00:00-04:00,6055.11,6055.11,5756.0,5867.46,5858.18,down
2017-10-22 06:00:00-04:00,5873.97,5935.0,5700.0,5866.9,5824.0,down
2017-10-22 12:00:00-04:00,5866.9,6039.79,5822.47,5885.31,5958.125,up
2017-10-22 18:00:00-04:00,5876.05,6000.0,5837.58,5967.72,5900.05,up
2017-10-23 00:00:00-04:00,5951.02,6045.34,5820.0,5845.23,5948.99,down
2017-10-23 06:00:00-04:00,5838.71,5919.97,5750.0,5775.89,5842.9349999999995,down
2017-10-23 12:00:00-04:00,5763.01,5878.88,5617.75,5814.0,5735.03,up
2017-10-23 18:00:00-04:00,5808.11,6000.0,5695.01,5749.01,5857.110000000001,down
2017-10-24 00:00:00-04:00,5747.36,5792.24,5534.32,5705.0,5645.85,down
2017-10-24 06:00:00-04:00,5705.0,5757.7,5604.28,5642.97,5681.99,down
2017-10-24 12:00:00-04:00,5642.97,5740.0,5600.13,5684.97,5670.0,up
2017-10-24 18:00:00-04:00,5684.97,5685.0,5453.01,5505.62,5521.0,down
2017-10-25 00:00:00-04:00,5505.0,5561.99,5366.0,5533.11,5452.99,up
2017-10-25 06:00:00-04:00,5533.08,5638.3,5437.74,5510.0,5560.0,down
2017-10-25 12:00:00-04:00,5517.82,5570.77,5424.99,5553.68,5521.81,up
2017-10-25 18:00:00-04:00,5556.06,5748.0,5540.0,5737.2,5674.06,up
2017-10-26 00:00:00-04:00,5737.19,5788.4,5683.0,5739.35,5730.73,up
2017-10-26 06:00:00-04:00,5739.35,5964.24,5704.02,5945.1,5838.245000000001,up
2017-10-26 12:00:00-04:00,5949.88,5988.0,5857.86,5870.0,5938.09,down
2017-10-26 18:00:00-04:00,5870.0,5994.06,5788.4,5990.0,5867.77,up
2017-10-27 00:00:00-04:00,5989.22,5990.0,5788.4,5840.0,5885.0,down
2017-10-27 06:00:00-04:00,5846.42,5929.7,5730.95,5778.99,5841.92,down
2017-10-27 12:00:00-04:00,5776.2,5788.4,5674.06,5720.71,5742.62,down
2017-10-27 18:00:00-04:00,5718.59,5846.42,5700.0,5842.36,5755.81,up
2017-10-28 00:00:00-04:00,5842.42,5875.66,5721.86,5799.0,5776.52,down
2017-10-28 06:00:00-04:00,5799.0,5805.8,5646.18,5698.12,5700.0,down
2017-10-28 12:00:00-04:00,5697.47,5759.6,5661.0,5740.0,5709.96,up
2017-10-28 18:00:00-04:00,5739.99,5782.0,5683.0,5722.64,5738.21,down
2017-10-29 00:00:00-04:00,5721.43,5790.05,5685.0,5790.04,5767.62,up
2017-10-29 06:00:00-04:00,5790.04,5855.69,5768.0,5787.96,5812.280000000001,down
2017-10-29 12:00:00-04:00,5784.36,6031.51,5755.0,5967.04,5966.61,up
2017-10-29 18:00:00-04:00,5967.04,6316.85,5954.14,6117.0,6170.09,up
2017-10-30 00:00:00-04:00,6117.26,6172.53,6078.03,6137.75,6132.76,up
2017-10-30 06:00:00-04:00,6127.87,6229.77,6096.0,6148.44,6155.445,up
2017-10-30 12:00:00-04:00,6148.43,6176.14,6024.03,6110.01,6098.3,down
2017-10-30 18:00:00-04:00,6110.01,6150.01,6059.03,6127.99,6098.99,up
2017-10-31 00:00:00-04:00,6123.17,6166.0,6087.55,6105.55,6134.73,down
2017-10-31 06:00:00-04:00,6105.44,6238.06,6072.81,6200.0,6170.0,up
2017-10-31 12:00:00-04:00,6200.0,6420.0,6193.07,6335.81,6355.82,up
2017-10-31 18:00:00-04:00,6335.8,6449.78,6280.99,6365.52,6373.755,up
2017-11-01 00:00:00-04:00,6365.52,6427.55,6340.01,6395.58,6387.965,up
2017-11-01 06:00:00-04:00,6395.58,6591.0,6360.0,6502.0,6515.1,up
2017-11-01 12:00:00-04:00,6501.75,6622.81,6470.0,6592.63,6574.89,up
2017-11-01 18:00:00-04:00,6585.19,6850.0,6524.45,6800.0,6657.51,up
2017-11-02 00:00:00-04:00,6810.4,6926.86,6722.65,6926.86,6840.0,up
2017-11-02 06:00:00-04:00,6926.86,7354.1,6700.0,6979.87,6959.14,up
2017-11-02 12:00:00-04:00,6979.86,7192.65,6822.0,6866.01,7035.0,down
2017-11-02 18:00:00-04:00,6870.79,7129.83,6863.05,6979.51,7031.3,up
2017-11-03 00:00:00-04:00,6974.11,7282.0,6925.22,7205.69,7171.835,up
2017-11-03 06:00:00-04:00,7205.69,7500.0,7199.41,7317.98,7370.01,up
2017-11-03 12:00:00-04:00,7309.57,7370.0,7159.0,7339.98,7287.66,up
2017-11-03 18:00:00-04:00,7340.0,7345.0,7005.1,7099.59,7200.84,down
2017-11-04 00:00:00-04:00,7098.93,7250.94,6994.0,7154.52,7150.06,up
2017-11-04 06:00:00-04:00,7147.14,7260.0,7083.52,7200.0,7164.83,up
2017-11-04 12:00:00-04:00,7192.5,7421.38,7183.61,7350.1,7337.77,up
2017-11-04 18:00:00-04:00,7352.17,7569.9,7275.16,7330.04,7421.37,down
2017-11-05 00:00:00-04:00,7329.92,7490.14,7316.15,7429.99,7406.0,up
2017-11-05 06:00:00-05:00,7420.68,7589.98,7386.6,7571.0,7451.745,up
2017-11-05 12:00:00-05:00,7576.61,7590.0,7473.01,7570.0,7530.01,down
2017-11-05 18:00:00-05:00,7562.0,7570.56,7280.0,7351.51,7385.0,down
2017-11-06 00:00:00-05:00,7351.59,7388.59,7073.95,7293.25,7251.1900000000005,down
2017-11-06 06:00:00-05:00,7292.92,7421.39,7250.0,7349.38,7325.43,up
2017-11-06 12:00:00-05:00,7349.38,7349.98,6932.14,7032.0,7100.51,down
2017-11-06 18:00:00-05:00,7032.0,7174.31,6922.07,7057.51,7071.35,up
2017-11-07 00:00:00-05:00,7057.1,7204.26,6991.29,7180.0,7135.0,up
2017-11-07 06:00:00-05:00,7182.89,7244.69,7048.0,7067.5,7178.82,down
2017-11-07 12:00:00-05:00,7068.01,7131.81,6956.88,7085.49,7040.32,up
2017-11-07 18:00:00-05:00,7085.5,7347.91,6993.0,7304.17,7098.4,up
2017-11-08 00:00:00-05:00,7305.99,7450.0,7270.0,7355.22,7363.08,up
2017-11-08 06:00:00-05:00,7355.22,7529.56,7347.91,7472.75,7440.0,up
2017-11-08 12:00:00-05:00,7484.76,7888.0,7080.01,7202.01,7510.0,down
2017-11-08 18:00:00-05:00,7202.01,7495.6,7150.0,7410.01,7326.76,up
2017-11-09 00:00:00-05:00,7410.01,7490.0,7290.5,7375.44,7380.9349999999995,down
2017-11-09 06:00:00-05:00,7389.76,7419.6,7061.2,7138.05,7184.59,down
2017-11-09 12:00:00-05:00,7138.04,7250.0,7125.0,7171.03,7182.6,up
2017-11-09 18:00:00-05:00,7175.99,7343.18,7064.88,7279.25,7162.36,up
2017-11-10 00:00:00-05:00,7274.61,7325.37,7160.0,7160.23,7250.0,down
2017-11-10 06:00:00-05:00,7160.15,7234.53,6718.49,6853.5,6886.0,down
2017-11-10 12:00:00-05:00,6835.05,6945.7,6484.44,6611.0,6771.01,down
2017-11-10 18:00:00-05:00,6601.0,6811.0,6429.44,6811.0,6614.99,up
2017-11-11 00:00:00-05:00,6804.59,6820.0,6620.0,6669.15,6754.14,down
2017-11-11 06:00:00-05:00,6669.05,6778.88,6300.0,6475.0,6460.45,down
2017-11-11 12:00:00-05:00,6474.0,6564.03,6218.0,6388.07,6397.52,down
2017-11-11 18:00:00-05:00,6356.7,6503.0,6207.02,6209.0,6341.31,down
2017-11-12 00:00:00-05:00,6208.0,6329.12,5555.55,6179.99,5980.0,down
2017-11-12 06:00:00-05:00,6179.94,6488.88,5960.17,6193.97,6235.755,up
2017-11-12 12:00:00-05:00,6193.0,6328.0,5985.0,6081.99,6176.51,down
2017-11-12 18:00:00-05:00,6081.97,6141.0,5645.0,5899.0,5893.49,down
2017-11-13 00:00:00-05:00,5895.96,6329.12,5853.37,6266.46,6180.49,up
2017-11-13 06:00:00-05:00,6266.46,6775.75,6203.55,6622.21,6520.07,up
2017-11-13 12:00:00-05:00,6622.21,6718.49,6310.0,6444.09,6511.0,down
2017-11-13 18:00:00-05:00,6442.03,6718.0,6359.65,6630.01,6520.1849999999995,up
2017-11-14 00:00:00-05:00,6630.01,6750.0,6539.06,6600.0,6623.99,down
2017-11-14 06:00:00-05:00,6607.84,6635.0,6466.88,6535.55,6532.33,down
2017-11-14 12:00:00-05:00,6520.0,6618.23,6511.08,6615.27,6575.02,up
2017-11-14 18:00:00-05:00,6615.09,6811.99,6541.9,6795.0,6649.89,up
2017-11-15 00:00:00-05:00,6794.99,6963.0,6776.25,6901.03,6873.47,up
2017-11-15 06:00:00-05:00,6905.88,7250.0,6885.84,7160.19,7091.389999999999,up
2017-11-15 12:00:00-05:00,7165.76,7275.16,7089.0,7229.99,7198.97,up
2017-11-15 18:00:00-05:00,7229.99,7350.0,7130.0,7165.83,7259.62,down
2017-11-16 00:00:00-05:00,7166.12,7412.0,7120.85,7408.61,7239.99,up
2017-11-16 06:00:00-05:00,7408.61,7538.0,7349.0,7405.0,7449.0,down
2017-11-16 12:00:00-05:00,7405.0,7830.0,7399.73,7755.0,7612.79,up
2017-11-16 18:00:00-05:00,7755.0,7997.0,7670.0,7899.89,7875.0,up
2017-11-17 00:00:00-05:00,7899.89,7990.0,7533.0,7533.0,7852.01,down
2017-11-17 06:00:00-05:00,7533.0,7922.85,7528.5,7816.01,7791.84,up
2017-11-17 12:00:00-05:00,7816.13,7993.93,7752.01,7812.01,7865.82,down
2017-11-17 18:00:00-05:00,7812.0,7812.0,7462.19,7487.3,7653.66,down
2017-11-18 00:00:00-05:00,7487.24,7722.73,7431.54,7722.73,7594.68,up
2017-11-18 06:00:00-05:00,7722.73,7824.0,7646.27,7650.0,7739.87,down
2017-11-18 12:00:00-05:00,7650.0,7790.0,7633.3,7735.42,7711.36,up
2017-11-18 18:00:00-05:00,7735.46,7858.0,7720.39,7817.0,7795.0,up
2017-11-19 00:00:00-05:00,7817.0,7825.01,7675.0,7706.53,7761.205,down
2017-11-19 06:00:00-05:00,7722.13,7800.26,7683.0,7800.26,7749.68,up
2017-11-19 12:00:00-05:00,7800.71,8036.3,7699.35,8000.0,7915.11,up
2017-11-19 18:00:00-05:00,8006.0,8087.35,7920.0,7998.49,8019.96,down
2017-11-20 00:00:00-05:00,7998.5,8021.0,7900.0,7956.02,7951.0,down
2017-11-20 06:00:00-05:00,7956.25,8172.79,7950.82,8128.76,8033.29,up
2017-11-20 12:00:00-05:00,8128.76,8268.2,8125.41,8205.88,8210.0,up
2017-11-20 18:00:00-05:00,8205.73,8269.99,8154.24,8201.83,8220.0,down
2017-11-21 00:00:00-05:00,8201.64,8208.98,7770.0,8108.9,7993.35,down
2017-11-21 06:00:00-05:00,8108.9,8250.0,8107.89,8220.85,8189.99,up
2017-11-21 12:00:00-05:00,8219.68,8354.46,8036.3,8117.4,8289.0,down
2017-11-21 18:00:00-05:00,8114.68,8223.0,7935.0,8164.99,8101.005,up
2017-11-22 00:00:00-05:00,8164.95,8231.0,8045.76,8230.97,8154.535,up
2017-11-22 06:00:00-05:00,8225.66,8310.89,8160.0,8185.51,8273.3,down
2017-11-22 12:00:00-05:00,8183.47,8250.07,8075.01,8188.57,8173.0,up
2017-11-22 18:00:00-05:00,8189.99,8284.0,8145.79,8192.93,8219.98,up
2017-11-23 00:00:00-05:00,8193.97,8270.0,8117.55,8140.05,8210.0,down
2017-11-23 06:00:00-05:00,8140.05,8234.73,8058.69,8184.99,8150.860000000001,up
2017-11-23 12:00:00-05:00,8184.99,8202.0,8109.26,8138.19,8159.99,down
2017-11-23 18:00:00-05:00,8153.67,8174.99,7876.0,7956.7,8045.745,down
2017-11-24 00:00:00-05:00,7956.69,8253.0,7952.05,8253.0,8100.725,up
2017-11-24 06:00:00-05:00,8253.0,8340.0,8105.0,8200.57,8207.85,down
2017-11-24 12:00:00-05:00,8209.57,8280.0,8142.45,8206.6,8207.720000000001,down
2017-11-24 18:00:00-05:00,8215.0,8279.8,8114.78,8125.0,8213.9,down
2017-11-25 00:00:00-05:00,8138.91,8279.81,8125.0,8264.99,8179.77,up
2017-11-25 06:00:00-05:00,8264.99,8649.98,8256.57,8600.0,8420.97,up
2017-11-25 12:00:00-05:00,8600.0,8689.0,8530.7,8637.0,8610.0,up
2017-11-25 18:00:00-05:00,8637.0,8827.66,8611.0,8797.98,8695.015,up
2017-11-26 00:00:00-05:00,8787.92,8960.01,8538.2,8899.61,8823.72,up
2017-11-26 06:00:00-05:00,8899.61,8965.85,8789.19,8922.52,8899.0,up
2017-11-26 12:00:00-05:00,8922.68,9366.6,8922.18,9155.0,9170.0,up
2017-11-26 18:00:00-05:00,9155.77,9594.98,9036.0,9554.99,9261.779999999999,up
2017-11-27 00:00:00-05:00,9548.01,9600.0,9329.9,9599.0,9523.29,up
2017-11-27 06:00:00-05:00,9599.0,9721.7,9267.0,9619.0,9561.66,up
2017-11-27 12:00:00-05:00,9619.0,9661.32,9458.0,9514.0,9549.98,down
2017-11-27 18:00:00-05:00,9514.73,9710.0,9482.18,9660.0,9624.19,up
2017-11-28 00:00:00-05:00,9660.0,9866.98,9627.13,9860.0,9799.0,up
2017-11-28 06:00:00-05:00,9860.0,9915.0,9723.64,9796.77,9860.0,down
2017-11-28 12:00:00-05:00,9795.0,9968.0,9784.05,9948.99,9899.99,up
2017-11-28 18:00:00-05:00,9930.11,9998.99,9848.0,9996.7,9915.99,up
2017-11-29 00:00:00-05:00,9996.7,10743.61,9970.0,10508.02,10337.98,up
2017-11-29 06:00:00-05:00,10508.02,11231.93,10480.06,11220.0,10743.58,up
2017-11-29 12:00:00-05:00,11220.0,11395.0,9250.0,9500.0,10651.62,down
2017-11-29 18:00:00-05:00,9504.0,10409.07,9360.0,10386.91,9930.0,up
2017-11-30 00:00:00-05:00,10400.0,10618.29,9903.88,10203.9,10299.98,down
2017-11-30 06:00:00-05:00,10203.9,10306.01,9000.0,9150.12,9776.255000000001,down
2017-11-30 12:00:00-05:00,9150.01,9900.0,9000.0,9864.26,9347.0,up
2017-11-30 18:00:00-05:00,9864.27,10178.7,9423.2,9843.06,9868.994999999999,down
2017-12-01 00:00:00-05:00,9843.06,9968.0,9370.11,9596.61,9665.0,down
2017-12-01 06:00:00-05:00,9563.35,10744.0,9540.02,10662.75,10084.41,up
2017-12-01 12:00:00-05:00,10662.7,10733.0,10410.0,10550.09,10568.0,down
2017-12-01 18:00:00-05:00,10569.48,11082.0,10532.28,11035.0,10849.0,up
2017-12-02 00:00:00-05:00,11039.0,11051.06,10637.69,10947.95,10871.32,down
2017-12-02 06:00:00-05:00,10951.0,11200.0,10800.0,11023.12,11059.605,up
2017-12-02 12:00:00-05:00,11023.12,11083.46,10658.42,10888.0,10850.0,down
2017-12-02 18:00:00-05:00,10875.42,11049.44,10770.32,10940.24,10939.645,up
2017-12-03 00:00:00-05:00,10940.2,11185.0,10870.36,11164.84,11059.6,up
2017-12-03 06:00:00-05:00,11164.84,11720.27,11077.0,11650.3,11500.0,up
2017-12-03 12:00:00-05:00,11647.03,11800.01,11520.0,11724.94,11699.785,up
2017-12-03 18:00:00-05:00,11724.93,11799.99,10513.16,11383.0,11204.0,down
2017-12-04 00:00:00-05:00,11399.98,11587.34,11159.93,11582.0,11419.95,up
2017-12-04 06:00:00-05:00,11587.34,11594.5,10850.0,11218.17,11250.0,down
2017-12-04 12:00:00-05:00,11218.14,11409.89,11100.0,11190.16,11271.9,down
2017-12-04 18:00:00-05:00,11208.99,11665.0,11190.12,11555.0,11499.59,up
2017-12-05 00:00:00-05:00,11556.75,11729.2,11385.0,11728.14,11529.125,up
2017-12-05 06:00:00-05:00,11729.2,11850.0,11384.25,11680.65,11660.82,down
2017-12-05 12:00:00-05:00,11718.94,11842.0,11560.0,11724.71,11705.005000000001,up
2017-12-05 18:00:00-05:00,11725.59,11950.0,11623.99,11949.89,11770.01,up
2017-12-06 00:00:00-05:00,11950.0,12448.0,11927.02,12383.7,12205.0,up
2017-12-06 06:00:00-05:00,12383.69,12815.18,12280.04,12625.5,12575.24,up
2017-12-06 12:00:00-05:00,12651.59,13120.0,12400.0,13120.0,12717.0,up
2017-12-06 18:00:00-05:00,13120.0,14095.0,12900.0,13990.0,13511.015,up
2017-12-07 00:00:00-05:00,13989.97,14199.0,13085.9,14183.81,13880.43,up
2017-12-07 06:00:00-05:00,14177.0,14997.0,14120.0,14941.1,14599.5,up
2017-12-07 12:00:00-05:00,14941.09,15995.0,14454.98,15263.95,15419.09,up
2017-12-07 18:00:00-05:00,15250.02,16666.66,15001.0,16626.13,16312.02,up
2017-12-08 00:00:00-05:00,16626.13,16644.0,14239.0,15940.0,15740.0,down
2017-12-08 06:00:00-05:00,15940.0,16100.0,13482.42,15126.43,14818.8,down
2017-12-08 12:00:00-05:00,15109.58,15809.19,14745.52,15100.0,15099.98,down
2017-12-08 18:00:00-05:00,15100.0,15998.5,14900.0,15293.59,15575.07,up
2017-12-09 00:00:00-05:00,15299.0,15612.74,14800.0,15400.01,15269.32,up
2017-12-09 06:00:00-05:00,15400.01,15520.44,14418.0,14985.99,14927.470000000001,down
2017-12-09 12:00:00-05:00,14985.93,14986.0,12701.05,14055.0,13950.595000000001,down
2017-12-09 18:00:00-05:00,14080.5,14635.69,13482.42,13759.42,14242.49,down
2017-12-10 00:00:00-05:00,13759.42,14050.0,13085.9,13469.31,13420.03,down
2017-12-10 06:00:00-05:00,13473.26,14745.52,13011.0,14745.5,13606.9,up
2017-12-10 12:00:00-05:00,14745.52,15299.21,14454.98,15185.0,14964.45,up
2017-12-10 18:00:00-05:00,15185.0,15444.0,14029.86,15444.0,14900.0,up
2017-12-11 00:00:00-05:00,15444.66,16430.45,15345.77,16400.0,15892.78,up
2017-12-11 06:00:00-05:00,16405.0,16570.0,15809.19,16190.0,16396.965,down
2017-12-11 12:00:00-05:00,16190.0,16900.0,15998.32,16881.02,16309.130000000001,up
2017-12-11 18:00:00-05:00,16881.02,17270.0,16188.79,16600.57,16783.0,down
2017-12-12 00:00:00-05:00,16600.57,16647.3,15967.29,16638.03,16244.14,up
2017-12-12 06:00:00-05:00,16638.63,16750.0,16451.11,16580.5,16600.42,down
